"","Escap_yr","Sample_ID","Brood_year","DEL","LAS","SAC","AME","Unassigned"
"1",2007,"WR07-01",2004,0.217961073258226,0.427820403238462,0.354218523503312,0,0
"2",2007,"WR07-02",2004,0,0,0.250697145566959,0.749302854433041,0
"3",2007,"WR07-03",2004,0.766766471239933,0,0.233233528760067,0,0
"4",2007,"WR07-04",2004,0,0,0.241659958626167,0.758340041373833,0
"5",2007,"WR07-05",2004,0.311792777245843,0,0.575691491487163,0,0.112515731266994
"6",2007,"WR07-06",2004,0,0.144435524333274,0.855564475666726,0,0
"7",2007,"WR07-07",2004,0.530848221186837,0.201229063027014,0.267922715786149,0,0
"8",2007,"WR07-08",2004,0.311392119148419,0.295438499650968,0.393169381200613,0,0
"9",2007,"WR07-09",2004,0.152165550327331,0,0.791577680742114,0,0.0562567689305548
"10",2007,"WR07-10",2004,0.252427235868633,0,0.747572764131367,0,0
"11",2007,"WR07-11",2004,0.327286070911005,0.123116545455109,0.549597383633886,0,0
"12",2007,"WR07-12",2004,0.162415116577032,0.295618927830209,0.50308357307356,0,0.0388823825191996
"13",2007,"WR07-13",2004,0.186078813714644,0,0.813921186285356,0,0
"14",2007,"WR07-14",2004,0.07968690385067,0.608424194207084,0.30197311032118,0,0.00991579162106608
"15",2007,"WR07-15",2004,0,0,0.190347575928967,0.588781643699219,0.220870780371814
"16",2007,"WR07-16",2004,0,0.829320079265055,0.170679920734945,0,0
"17",2007,"WR07-17",2004,0.174722923378259,0.255111375832152,0.570165700789589,0,0
"18",2007,"WR07-18",2004,0,0,1,0,0
"19",2007,"WR07-19",2004,0.213168076867923,0.214612347464868,0.57221957566721,0,0
"20",2007,"WR07-20",2004,0,0,1,0,0
"21",2007,"WR07-21",2004,0,0,0.227586024985155,0.772413975014845,0
"22",2007,"WR07-23",2004,0,0.132466854180217,0.867533145819783,0,0
"23",2007,"WR07-24",2004,0,0,1,0,0
"24",2007,"WR07-25",2004,0.583978889149822,0,0.416021110850178,0,0
"25",2007,"WR07-26",2004,0.130153625330313,0,0.869846374669687,0,0
"26",2007,"WR07-27",2004,0.253746755423108,0,0.746253244576892,0,0
"27",2007,"WR07-28",2004,0,0,1,0,0
"28",2007,"WR07-29",2004,0.164565961043953,0,0.835434038956047,0,0
"29",2007,"WR07-30",2004,0.179538444305249,0,0.820461555694751,0,0
"30",2008,"WR08-01",2005,0,0.0415829861247475,0.0611680610747333,0.897248952800519,0
"31",2008,"WR08-03",2005,0,0,1,0,0
"32",2008,"WR08-04",2005,0.674141565146715,0,0.325858434853285,0,0
"33",2008,"WR08-05",2005,0.242822026061558,0.567846179049904,0.189331794888538,0,0
"34",2008,"WR08-06",2005,0.692962500200824,0,0.307037499799176,0,0
"35",2008,"WR08-07",2005,0,0,0.0994718787038516,0.900528121296148,0
"36",2008,"WR08-08",2005,0.27912803470426,0.278055916141559,0.442816049154181,0,0
"37",2008,"WR08-09",2005,0.30190100378114,0,0.411366218933928,0.286732777284932,0
"38",2008,"WR08-10",2005,0.27984233411913,0,0.72015766588087,0,0
"39",2008,"WR08-11",2005,0.815899142649795,0,0.184100857350204,0,0
"40",2008,"WR08-12",2005,0.318204742180042,0,0.681795257819958,0,0
"41",2008,"WR08-13",2005,0.931181286018233,0,0.0688187139817668,0,0
"42",2008,"WR08-14",2005,0.768721882387765,0,0.231278117612235,0,0
"43",2008,"WR08-15",2005,0,0,0.331503792971547,0.668496207028453,0
"44",2008,"WR08-16",2005,0.326382157151053,0,0.673617842848947,0,0
"45",2008,"WR08-17",2005,0.27063187888073,0,0.72936812111927,0,0
"46",2008,"WR08-18",2005,0,0,0.158993312264803,0.841006687735197,0
"47",2008,"WR08-19",2005,0,0,0.255679213940977,0.744320786059023,0
"48",2008,"WR08-20",2005,0,0,1,0,0
"49",2008,"WR08-21",2005,0.274804101716803,0.629405892512778,0.0957900057704193,0,0
"50",2008,"WR08-22",2005,0.430441757106193,0.195094903466199,0.374463339427609,0,0
"51",2008,"WR08-23",2005,0.543019234715505,0,0.146474341037065,0.31050642424743,0
"52",2008,"WR08-24",2005,0.286752352826259,0,0.459631862010574,0,0.253615785163168
"53",2008,"WR08-25",2005,0.275373056698656,0,0.724626943301344,0,0
"54",2008,"WR08-26",2005,0.307366966343887,0,0.692633033656113,0,0
"55",2008,"WR08-27",2005,0,0.391639243089297,0.608360756910703,0,0
"56",2008,"WR08-28",2005,0.7240436365327,0,0.2759563634673,0,0
"57",2008,"WR08-29",2005,0.651465827126455,0,0.348534172873545,0,0
"58",2008,"WR08-30",2005,0.149223783026181,0,0.850776216973819,0,0
"59",2008,"WR08-31",2005,0.470319376968915,0,0.529680623031085,0,0
"60",2008,"WR08-32",2005,0.3233201597074,0,0.6766798402926,0,0
"61",2008,"WR08-33",2005,0,0.506263436804714,0.493736563195286,0,0
"62",2008,"WR08-34",2005,0.291175235165428,0.208169546384978,0.500655218449594,0,0
"63",2008,"WR08-35",2005,0,0.116253138766348,0.883746861233652,0,0
"64",2008,"WR08-36",2005,0.234999148693559,0.602200675126903,0.162800176179538,0,0
"65",2008,"WR08-37",2005,0.226350341984043,0,0.773649658015957,0,0
"66",2008,"WR08-39",2005,0,0.0820673723814373,0.917932627618563,0,0
"67",2008,"WR08-40",2005,0.239885504402907,0,0.760114495597093,0,0
"68",2008,"WR08-41",2005,0.61544070950859,0,0.38455929049141,0,0
"69",2008,"WR08-42",2005,0,0,0.0748941304833614,0.925105869516639,0
"70",2008,"WR08-43",2005,0,0,0.120530554379548,0.879469445620452,0
"71",2008,"WR08-44",2005,0,0,1,0,0
"72",2008,"WR08-45",2005,0,0,1,0,0
"73",2008,"WR08-46",2005,0.352600306701771,0.0823682877013457,0.565031405596884,0,0
"74",2008,"WR08-47",2005,0,0,0.0758434639150933,0.924156536084907,0
"75",2008,"WR08-48",2005,0,0,1,0,0
"76",2008,"WR08-49",2005,0,0,0.735948299268005,0.264051700731995,0
"77",2008,"WR08-50",2005,0,0,1,0,0
"78",2008,"WR08-51",2005,0.577298019642521,0,0.422701980357479,0,0
"79",2008,"WR08-52",2005,0,0,0.100650181729571,0.899349818270429,0
"80",2008,"WR08-53",2005,0.329993880377852,0,0.670006119622148,0,0
"81",2008,"WR08-54",2005,0.778866997531655,0,0.221133002468345,0,0
"82",2008,"WR08-55",2005,0.206409807381234,0,0.793590192618766,0,0
"83",2008,"WR08-56",2005,0.800830122973361,0,0.199169877026639,0,0
"84",2008,"WR08-57",2005,0,0.644393918743437,0.355606081256563,0,0
"85",2008,"WR08-58",2005,0,0,1,0,0
"86",2008,"WR08-60",2005,0.643018597465071,0,0.356981402534929,0,0
"87",2008,"WR08-62",2005,0.231353596780069,0.617385150622961,0.15126125259697,0,0
"88",2008,"WR08-63",2005,0.698595041071043,0,0.301404958928957,0,0
"89",2008,"WR08-64",2005,0,0.548981268344121,0.451018731655879,0,0
"90",2008,"WR08-65",2005,0,0,0.238262090684384,0.761737909315616,0
"91",2008,"WR08-66",2005,0.245042142010858,0,0.754957857989142,0,0
"92",2008,"WR08-67",2005,0.814240677168428,0,0.185759322831572,0,0
"93",2008,"WR08-68",2005,0.268694609179659,0,0.731305390820341,0,0
"94",2008,"WR08-69",2005,0.884042445508586,0,0.115957554491414,0,0
"95",2008,"WR08-70",2005,0,0,0.161766769113923,0.838233230886077,0
"96",2008,"WR08-71",2005,0.72522499056348,0,0.27477500943652,0,0
"97",2008,"WR08-72",2005,0.510120733765515,0,0.489879266234485,0,0
"98",2008,"WR08-73",2005,0,0,0.294633123085877,0.705366876914124,0
"99",2008,"WR08-74",2005,0.252207795260634,0,0.747792204739366,0,0
"100",2008,"WR08-75",2005,0.448254887338111,0,0.551745112661889,0,0
"101",2008,"WR08-76",2005,0,0,1,0,0
"102",2008,"WR08-77",2005,0.699785245118772,0,0.300214754881228,0,0
"103",2008,"WR08-78",2005,0.860758270356776,0,0.139241729643224,0,0
"104",2008,"WR08-79",2005,0,0,0.108757040853585,0.891242959146415,0
"105",2008,"WR08-80",2005,0,0,0.100915359861702,0.899084640138298,0
"106",2008,"WR08-81",2005,0.591790264972391,0,0.408209735027609,0,0
"107",2008,"WR08-82",2005,0,0,0.113473887586327,0.886526112413673,0
"108",2008,"WR08-83",2005,0,0,1,0,0
"109",2008,"WR08-84",2005,0.668594914600933,0,0.331405085399067,0,0
"110",2008,"WR08-86",2005,0.262573525845015,0,0.737426474154985,0,0
"111",2008,"WR08-87",2005,0.267419756325903,0,0.732580243674097,0,0
"112",2008,"WR08-88",2005,0,0,1,0,0
"113",2008,"WR08-89",2005,0,0,1,0,0
"114",2008,"WR08-90",2005,0,0,0.188811917298957,0.811188082701043,0
"115",2008,"WR08-91",2005,0,0,0.215430934740072,0.784569065259928,0
"116",2008,"WR08-93",2005,0,0,0.139131143908817,0.860868856091183,0
"117",2008,"WR08-94",2005,0.366628018247494,0,0.633371981752506,0,0
"118",2008,"WR08-95",2005,0.517435715256791,0,0.482564284743209,0,0
"119",2008,"WR08-96",2005,0.570050268097668,0,0.429949731902332,0,0
"120",2009,"WR09-01",2006,0.28609382784986,0,0.146477019204711,0.567429152945429,0
"121",2009,"WR09-02",2006,0,0,1,0,0
"122",2009,"WR09-03",2006,0.243520219241268,0,0.756479780758732,0,0
"123",2009,"WR09-04",2006,0.543413038889538,0,0.456586961110462,0,0
"124",2009,"WR09-05",2006,0.543138460896194,0,0.456861539103806,0,0
"125",2009,"WR09-06",2006,0,0,1,0,0
"126",2009,"WR09-07",2006,0.281456358018803,0.0815580890326181,0.636985552948579,0,0
"127",2009,"WR09-08",2006,0.132861126002976,0,0.867138873997024,0,0
"128",2009,"WR09-09",2006,0,0,1,0,0
"129",2009,"WR09-10",2006,0,0,0.144754893654806,0.855245106345194,0
"130",2009,"WR09-11",2006,0.317661601823878,0,0.682338398176122,0,0
"131",2009,"WR09-12",2006,0,0.298493996323987,0.701506003676013,0,0
"132",2009,"WR09-13",2006,0.28799770840537,0,0.71200229159463,0,0
"133",2009,"WR09-14",2006,0.368925836066564,0,0.631074163933437,0,0
"134",2009,"WR09-15",2006,0.490927896494639,0,0.509072103505361,0,0
"135",2009,"WR09-16",2006,0.750349750095667,0,0.249650249904333,0,0
"136",2009,"WR09-17",2006,0.267475643335751,0,0.732524356664249,0,0
"137",2009,"WR09-18",2006,0.733518936702393,0,0.266481063297607,0,0
"138",2009,"WR09-19",2006,0,0,1,0,0
"139",2009,"WR09-20",2006,0.795514758068853,0,0.204485241931147,0,0
"140",2009,"WR09-21",2006,0.0865076547955896,0,0.91349234520441,0,0
"141",2009,"WR09-22",2006,0,0,0.194129753044287,0.805870246955713,0
"142",2009,"WR09-23",2006,0.282401746742953,0,0.717598253257047,0,0
"143",2009,"WR09-24",2006,0.284427235571224,0,0.715572764428776,0,0
"144",2009,"WR09-27",2006,0,0,1,0,0
"145",2009,"WR09-28",2006,0,0,1,0,0
"146",2009,"WR09-29",2006,0,0,1,0,0
"147",2009,"WR09-30",2006,0,0,0.248316332435963,0.751683667564037,0
"148",2009,"WR09-31",2006,0.305985244130996,0,0.694014755869004,0,0
"149",2009,"WR09-32",2006,0.32663926039178,0,0.67336073960822,0,0
"150",2009,"WR09-33",2006,0,0,1,0,0
"151",2009,"WR09-34",2006,0.824839263020766,0,0.175160736979234,0,0
"152",2009,"WR09-35",2006,0,0,1,0,0
"153",2009,"WR09-36",2006,0.323768439080353,0,0.676231560919647,0,0
"154",2009,"WR09-37",2006,0,0,1,0,0
"155",2009,"WR09-38",2006,0.393558465354112,0,0.606441534645888,0,0
"156",2009,"WR09-39",2006,0.294694204947383,0,0.705305795052617,0,0
"157",2009,"WR09-40",2006,0.294657181601784,0,0.705342818398216,0,0
"158",2009,"WR09-41",2006,0,0.173117195329313,0.826882804670687,0,0
"159",2009,"WR09-42",2006,0.745046748753309,0,0.254953251246691,0,0
"160",2009,"WR09-43",2006,0.791677325596449,0.0545191096555432,0.153803564748008,0,0
"161",2009,"WR09-44",2006,0.311027511961112,0,0.688972488038888,0,0
"162",2009,"WR09-45",2006,0,0,0.130392772781151,0.869607227218849,0
"163",2009,"WR09-46",2006,0.271275157186985,0,0.728724842813015,0,0
"164",2009,"WR09-47",2006,0.118065081752588,0,0.881934918247412,0,0
"165",2009,"WR09-48",2006,0.160816030717317,0,0.839183969282683,0,0
"166",2009,"WR09-49",2006,0,0,1,0,0
"167",2009,"WR09-50",2006,0,0,0.266329855686181,0.733670144313819,0
"168",2009,"WR09-51",2006,0.590523960051842,0,0.409476039948158,0,0
"169",2009,"WR09-52",2006,0,0,1,0,0
"170",2009,"WR09-54",2006,0.26602707581324,0,0.13652026795196,0.597452656234801,0
"171",2009,"WR09-55",2006,0.545739754037313,0,0.332622979497706,0,0.121637266464981
"172",2009,"WR09-56",2006,0,0,0.0886700963313565,0.911329903668643,0
"173",2009,"WR09-57",2006,0,0,1,0,0
"174",2009,"WR09-58",2006,0.552109864909777,0,0.447890135090223,0,0
"175",2009,"WR09-59",2006,0.294338256978723,0.400519158625921,0.305142584395356,0,0
"176",2009,"WR09-60",2006,0.615001332926929,0,0.384998667073071,0,0
"177",2009,"WR09-63",2006,0,0,0.124329366266393,0.875670633733607,0
"178",2009,"WR09-64",2006,0.188682183514506,0,0.16635711052069,0.644960705964804,0
"179",2009,"WR09-65",2006,0,0,1,0,0
"180",2009,"WR09-66",2006,0.812506762560595,0,0.187493237439405,0,0
"181",2009,"WR09-67",2006,0.333116018399759,0.127230016621646,0.314909112104835,0.22474485287376,0
"182",2009,"WR09-68",2006,0,0,0.227669704799624,0.772330295200376,0
"183",2009,"WR09-69",2006,0.477634043891752,0.0454378940030292,0.476928062105219,0,0
"184",2009,"WR09-70",2006,0,0,0.474946176126665,0.525053823873335,0
"185",2009,"WR09-71",2006,0.261097732154682,0,0.738902267845318,0,0
"186",2009,"WR09-72",2006,0.236547826761862,0.190475558328305,0.572976614909833,0,0
"187",2015,"WR15-5003",2012,0.899138189546694,0,0.100861810453306,0,0
"188",2015,"WR15-5004",2012,0.806554928850555,0,0.193445071149445,0,0
"189",2015,"WR15-5006",2012,0.217800615398917,0,0.782199384601083,0,0
"190",2015,"WR15-5007",2012,0.292441847422336,0,0.707558152577664,0,0
"191",2015,"WR15-5008",2012,0.421103217396753,0,0.578896782603247,0,0
"192",2015,"WR15-5011",2012,0.294217302319252,0,0.705782697680748,0,0
"193",2015,"WR15-5015",2012,0,0,0.172826790783001,0.827173209216999,0
"194",2015,"WR15-5016",2012,0.677120466866794,0,0.322879533133206,0,0
"195",2015,"WR15-5019",2012,0.0284256329484809,0,0.971574367051519,0,0
"196",2015,"WR15-5021",2012,0,0,0.294972925376495,0.705027074623505,0
"197",2015,"WR15-5023",2012,0.307891843291755,0,0.692108156708245,0,0
"198",2015,"WR15-5025",2012,0.223336149564287,0,0.776663850435713,0,0
"199",2015,"WR15-5027",2012,0.29103279034294,0,0.70896720965706,0,0
"200",2015,"WR15-5028",2012,0.115975530286314,0,0.884024469713686,0,0
"201",2015,"WR15-5029",2012,0,0,1,0,0
"202",2015,"WR15-5030",2012,0,0,1,0,0
"203",2015,"WR15-5038",2012,0.386940574552727,0,0.613059425447273,0,0
"204",2015,"WR15-5040",2012,0.756140452689784,0,0.243859547310216,0,0
"205",2015,"WR15-5046",2012,0.327940693109652,0,0.672059306890348,0,0
"206",2015,"WR15-5048",2012,0.418791781632067,0,0.443516878477307,0.137691339890626,0
"207",2015,"WR15-5054",2012,0,0,1,0,0
"208",2015,"WR15-5060",2012,0.283602618300955,0,0.716397381699045,0,0
"209",2015,"WR15-5064",2012,0.826973948961655,0,0.173026051038345,0,0
"210",2015,"WR15-5064B",2012,0,0,1,0,0
"211",2015,"WR15-5065",2012,0.186046972898687,0,0.813953027101313,0,0
"212",2015,"WR15-5069",2012,0.214394173968239,0,0.785605826031761,0,0
"213",2015,"WR15-5071",2012,0.0823197412580591,0,0.265555303650141,0.6521249550918,0
"214",2015,"WR15-5075",2012,0,0,1,0,0
"215",2015,"WR15-5079",2012,0.156909384894763,0,0.843090615105237,0,0
"216",2015,"WR15-5085",2012,0.302961123273966,0,0.594218580121099,0,0.102820296604935
"217",2015,"WR15-5089",2012,0.212279113165249,0,0.787720886834751,0,0
"218",2015,"WR15-5098",2012,0.143100023876993,0,0.856899976123007,0,0
"219",2015,"WR15-5105",2012,0.205566450676105,0,0.794433549323895,0,0
"220",2015,"WR15-5108",2012,0.113622245513773,0,0.886377754486228,0,0
"221",2015,"WR15-5111",2012,0.774863237647085,0,0.225136762352915,0,0
"222",2015,"WR15-5115",2012,0.20388322089203,0,0.79611677910797,0,0
"223",2015,"WR15-5124",2012,0.238114009460943,0,0.761885990539057,0,0
"224",2015,"WR15-5127",2012,0,0,1,0,0
"225",2015,"WR15-5130",2012,0.879815361457573,0,0.120184638542427,0,0
"226",2015,"WR15-5134",2012,0.206699970539266,0,0.793300029460734,0,0
"227",2015,"WR15-5137",2012,0.263264814547776,0,0.147113426186941,0.589621759265283,0
"228",2015,"WR15-5141",2011,0.299873524329848,0,0.700126475670152,0,0
"229",2015,"WR15-5142",2012,0,0,1,0,0
"230",2015,"WR15-5151",2012,0,0,1,0,0
"231",2015,"WR15-5154",2012,0.765359351296149,0,0.234640648703851,0,0
"232",2015,"WR15-5157",2012,0.27555776564798,0,0.724442234352019,0,0
"233",2015,"WR15-5157B",2012,0,0,1,0,0
"234",2015,"WR15-5163",2012,0.298632475738202,0,0.701367524261798,0,0
"235",2015,"WR15-5167",2012,0,0,1,0,0
"236",2015,"WR15-5171",2012,0.189672329973518,0,0.810327670026482,0,0
"237",2015,"WR15-5178",2012,0.559504712710798,0,0.08203282587014,0.358462461419062,0
"238",2015,"WR15-5182",2012,0.161413003563687,0,0.838586996436313,0,0
"239",2015,"WR15-5193",2012,0.224899173119299,0.441008119684964,0.334092707195737,0,0
"240",2015,"WR15-5196",2012,0,0,0.0599399890098501,0.94006001099015,0
"241",2015,"WR15-5199",2012,0.871811152873983,0,0.128188847126017,0,0
"242",2015,"WR15-5207",2012,0.224547373023103,0,0.775452626976897,0,0
"243",2015,"WR15-5211",2012,0.202824822170834,0,0.797175177829166,0,0
"244",2015,"WR15-5213",2012,0.215744139099848,0,0.784255860900152,0,0
"245",2015,"WR15-5216",2012,0.0881000598992115,0,0.911899940100789,0,0
"246",2015,"WR15-5220",2012,0.463592190496893,0,0.536407809503107,0,0
"247",2015,"WR15-5223",2013,0.0708274664373506,0,0.929172533562649,0,0
"248",2015,"WR15-5226",2012,0.108459458616621,0,0.891540541383379,0,0
"249",2015,"WR15-5233",2011,0,0,1,0,0
"250",2015,"WR15-5242",2012,0.26596043841997,0,0.73403956158003,0,0
"251",2015,"WR15-5254",2012,0.30988078743994,0,0.69011921256006,0,0
"252",2015,"WR15-5261",2012,0,0,0.063021264297396,0.936978735702604,0
"253",2015,"WR15-5265",2012,0.311795982464846,0,0.688204017535154,0,0
"254",2015,"WR15-5268",2012,0.179754453709271,0,0.820245546290729,0,0
"255",2015,"WR15-5271",2012,0.181783807144069,0,0.818216192855931,0,0
"256",2015,"WR15-5271B",2012,0.798233236404567,0,0.201766763595433,0,0
"257",2015,"WR15-5273",2012,0.0803351562039281,0,0.0778074703784282,0.841857373417644,0
"258",2015,"WR15-5283",2012,0.202658269852875,0,0.797341730147125,0,0
"259",2015,"WR15-5288",2012,0.233145902098299,0,0.766854097901701,0,0
"260",2015,"WR15-5292",2012,0.496477075411921,0,0.503522924588079,0,0
"261",2015,"WR15-5296",2012,0.192972461285612,0.568834767496269,0.238192771218119,0,0
"262",2015,"WR15-5299",2012,0.220346790544342,0,0.779653209455659,0,0
"263",2015,"WR15-5302",2012,0.253838128660445,0,0.746161871339555,0,0
"264",2015,"WR15-5303",2012,0,0,1,0,0
"265",2015,"WR15-5309",2012,0.234842025804978,0.257120169216203,0.508037804978819,0,0
"266",2015,"WR15-5312",2012,0.19177705394203,0,0.80822294605797,0,0
"267",2015,"WR15-5317",2012,0.718045792037195,0,0.281954207962805,0,0
"268",2015,"WR15-5321",2012,0.30173879125695,0,0.69826120874305,0,0
"269",2015,"WR15-5325",2012,0.235675224509929,0,0.764324775490071,0,0
"270",2015,"WR15-5329",2012,0.340894587253553,0,0.659105412746447,0,0
"271",2015,"WR15-5338",2012,0,0,0.836751499683319,0,0.163248500316681
"272",2015,"WR15-5346",2012,0.28317986677473,0,0.71682013322527,0,0
"273",2015,"WR15-5350",2012,0.242206235165457,0,0.757793764834543,0,0
"274",2015,"WR15-5353",2012,0.369999599877359,0,0.630000400122641,0,0
"275",2015,"WR15-5356",2012,0.130851533427388,0,0.869148466572612,0,0
"276",2015,"WR15-5359",2012,0.0635148463525238,0,0.936485153647476,0,0
"277",2015,"WR15-5362",2012,0.129332631791981,0,0.870667368208019,0,0
"278",2015,"WR15-5366",2012,0.850125502053776,0,0.149874497946224,0,0
"279",2015,"WR15-5369",2012,0.724728852671645,0,0.275271147328355,0,0
"280",2015,"WR15-5374",2012,0,0,0.309800342706722,0.690199657293278,0
"281",2015,"WR15-5376",2012,0.24977189303821,0.419608076715492,0.330620030246298,0,0
"282",2015,"WR15-5379",2012,0.126250530910989,0,0.873749469089011,0,0
"283",2015,"WR15-5383",2012,0.213240664289038,0,0.786759335710962,0,0
"284",2015,"WR15-5389",2012,0.111285671419282,0,0.888714328580718,0,0
"285",2015,"WR15-5395",2012,0.734674927618276,0,0.265325072381724,0,0
"286",2015,"WR15-5400",2012,0,0,1,0,0
"287",2015,"WR15-5408",2013,0.812484278709442,0,0.187515721290558,0,0
"288",2015,"WR15-5412",2012,0.387656436309768,0,0.612343563690232,0,0
"289",2015,"WR15-5417",2012,0.197141990964517,0,0.802858009035483,0,0
"290",2015,"WR15-7003",2012,0.103759978022986,0,0.896240021977014,0,0
"291",2015,"WR15-7004",2012,0.69626027184427,0,0.30373972815573,0,0
"292",2015,"WR15-7005",2012,0,0,1,0,0
"293",2015,"WR15-7007",2012,0.213323175231555,0,0.786676824768445,0,0
"294",2015,"WR15-7013",2012,0,0.0317033633989658,0.968296636601034,0,0
"295",2015,"WR15-7015",2012,0.170285934703141,0,0.829714065296859,0,0
"296",2015,"WR15-7016",2012,0.397133943885001,0,0.602866056114999,0,0
"297",2015,"WR15-7019",2012,0.165129356823509,0,0.834870643176491,0,0
"298",2015,"WR15-7021",2011,0.213910210314588,0,0.786089789685412,0,0
"299",2015,"WR15-7022",2012,0.329552441850241,0,0.670447558149759,0,0
"300",2015,"WR15-7025",2012,0.188025933982609,0,0.811974066017391,0,0
"301",2015,"WR15-7027",2012,0.218078518378158,0,0.143744886279176,0.638176595342666,0
"302",2015,"WR15-7028",2012,0.207639013521823,0,0.792360986478177,0,0
"303",2015,"WR15-7031",2012,0.511354352861955,0,0.488645647138045,0,0
"304",2015,"WR15-7031B",2012,0,0,1,0,0
"305",2015,"WR15-7032",2012,0.25872137522437,0,0.74127862477563,0,0
"306",2015,"WR15-7037",2013,0.257716515932404,0,0.742283484067596,0,0
"307",2015,"WR15-7044",2012,0.106873348539998,0,0.893126651460002,0,0
"308",2015,"WR15-7047",2012,0.176065730134222,0,0.823934269865778,0,0
"309",2015,"WR15-7051",2012,0.193169082775342,0,0.806830917224658,0,0
"310",2015,"WR15-7053",2012,0.206847791595795,0,0.793152208404206,0,0
"311",2015,"WR15-7054",2012,0.353017054702547,0,0.646982945297453,0,0
"312",2015,"WR15-7059",2012,0.743150176557442,0,0.256849823442558,0,0
"313",2015,"WR15-7064",2012,0.242346937589596,0,0.757653062410404,0,0
"314",2015,"WR15-7069",2012,0.743671131295079,0,0.256328868704921,0,0
"315",2015,"WR15-7071",2012,0.239652731293412,0,0.760347268706588,0,0
"316",2015,"WR15-7074",2012,0.209412021525693,0,0.790587978474307,0,0
"317",2015,"WR15-7081",2012,0.0535234782337395,0,0.946476521766261,0,0
"318",2015,"WR15-7086",2012,0.135741100445108,0,0.864258899554892,0,0
"319",2015,"WR15-7091",2012,0,0,1,0,0
"320",2015,"WR15-7099",2012,0.239335868269418,0,0.760664131730582,0,0
"321",2015,"WR15-7102",2012,0,0,0.844037552698946,0,0.155962447301054
"322",2015,"WR15-7107",2012,0,0,1,0,0
"323",2015,"WR15-7110",2012,0.544833107104512,0,0.455166892895488,0,0
"324",2015,"WR15-7113",2012,0.322596250440881,0,0.677403749559119,0,0
"325",2015,"WR15-7116",2012,0.122435421237727,0,0.877564578762273,0,0
"326",2015,"WR15-7120",2012,0,0,1,0,0
"327",2015,"WR15-7125",2012,0.20718355037744,0.638659569591766,0.154156880030794,0,0
"328",2015,"WR15-7129",2012,0.0695694251792672,0,0.930430574820733,0,0
"329",2015,"WR15-7142",2012,0.186198495592138,0,0.813801504407862,0,0
"330",2015,"WR15-7146",2012,0.244024398399794,0,0.755975601600206,0,0
"331",2015,"WR15-7150",2012,0.84084682860681,0,0.15915317139319,0,0
"332",2015,"WR15-7155",2012,0.880457608043159,0,0.119542391956841,0,0
"333",2015,"WR15-7160",2012,0,0,1,0,0
"334",2015,"WR15-7166",2012,0.797028077356835,0,0.202971922643165,0,0
"335",2015,"WR15-7172",2012,0.209779985659356,0,0.790220014340644,0,0
"336",2015,"WR15-7179",2012,0.24410807861194,0,0.75589192138806,0,0
"337",2015,"WR15-7187",2012,0.311667023213932,0,0.688332976786068,0,0
"338",2015,"WR15-7189",2012,0.22519208032671,0,0.77480791967329,0,0
"339",2015,"WR15-7193",2012,0.217820567232972,0,0.782179432767028,0,0
"340",2015,"WR15-7198",2012,0,0,1,0,0
"341",2015,"WR15-7202",2011,0.133953380942205,0,0.866046619057795,0,0
"342",2015,"WR15-7206",2012,0.720210860442115,0,0.279789139557885,0,0
"343",2015,"WR15-7207",2012,0.126225925543445,0,0.873774074456556,0,0
"344",2015,"WR15-7212",2012,0.122599361179978,0,0.877400638820022,0,0
"345",2015,"WR15-7216",2012,0.248373796721378,0,0.751626203278622,0,0
"346",2015,"WR15-7239",2012,0.229494935043197,0,0.770505064956803,0,0
"347",2015,"WR15-7244",2012,0.546374665035013,0,0.453625334964987,0,0
"348",2015,"WR15-7250",2012,0.23917897862706,0,0.174615943453039,0.586205077919901,0
"349",2015,"WR15-7254",2012,0.201699022278187,0.23143164491293,0.566869332808883,0,0
"350",2015,"WR15-7257",2012,0.21306161692275,0,0.78693838307725,0,0
"351",2015,"WR15-7260",2012,0.571666390493921,0,0.428333609506079,0,0
"352",2015,"WR15-7262",2012,0.128600929743491,0,0.871399070256509,0,0
"353",2015,"WR15-7270",2011,0.72665527769727,0,0.27334472230273,0,0
"354",2015,"WR15-7273",2012,0.210936698808849,0,0.789063301191151,0,0
"355",2015,"WR15-7282",2012,0.247611231300957,0,0.752388768699043,0,0
"356",2015,"WR15-7287",2012,0.229531358463472,0,0.770468641536528,0,0
"357",2015,"WR15-7292",2012,0.202449223521323,0,0.797550776478677,0,0
"358",2015,"WR15-7295",2012,0.660674445671293,0,0.339325554328707,0,0
"359",2015,"WR15-7301",2012,0,0.0183493284880745,0.981650671511926,0,0
"360",2015,"WR15-7303",2012,0.211708485260764,0,0.788291514739236,0,0
"361",2015,"WR15-7306",2011,0.155833297913618,0,0.082830644101199,0.761336057985182,0
"362",2015,"WR15-7306B",2011,0.186498280909519,0,0.813501719090481,0,0
"363",2015,"WR15-7308",2012,0.179317156354081,0,0.820682843645919,0,0
"364",2015,"WR15-7321",2012,0.209505583828771,0,0.790494416171229,0,0
"365",2015,"WR15-7326",2012,0.186947228902769,0,0.813052771097231,0,0
"366",2015,"WR15-7332",2013,0.253531849732724,0,0.746468150267276,0,0
"367",2015,"WR15-7335",2012,0.828432693505217,0,0.171567306494783,0,0
"368",2015,"WR15-7340",2012,0.236922938385365,0,0.763077061614635,0,0
"369",2015,"WR15-7343",2012,0.836933084352178,0,0.163066915647823,0,0
"370",2015,"WR15-7349",2012,0.259248297195043,0.423014358570043,0.317737344234914,0,0
"371",2015,"WR15-7352",2012,0.216187292452496,0,0.688236064726691,0,0.0955766428208128
"372",2015,"WR15-7356",2012,0,0,1,0,0
"373",2015,"WR15-7362",2012,0.777803463676029,0,0.222196536323971,0,0
"374",2015,"WR15-7370",2013,0,0,1,0,0
"375",2015,"WR15-7371",2012,0.226907890640234,0,0.773092109359766,0,0
"376",2015,"WR15-7373",2013,0.169823900940871,0,0.830176099059129,0,0
"377",2015,"WR15-7374",2012,0,0,1,0,0
"378",2015,"WR15-7375",2012,0.219662590897183,0,0.780337409102817,0,0
"379",2015,"WR15-80117",2012,0.216599278846928,0,0.783400721153072,0,0
"380",2015,"WR15-80122",2012,0.855043065398575,0,0.144956934601425,0,0
"381",2015,"WR15-80136",2012,0.773059812809212,0,0.226940187190788,0,0
"382",2015,"WR15-80137",2012,0.210626519238645,0,0.789373480761355,0,0
"383",2015,"WR15-80140",2012,0.257658754208048,0,0.742341245791952,0,0
"384",2015,"WR15-80144",2012,0.173033419421884,0.0464968223975174,0.780469758180599,0,0
"385",2015,"WR15-80145",2012,0.202333120009703,0,0.797666879990297,0,0
"386",2015,"WR15-80148",2012,0,0,1,0,0
"387",2015,"WR15-80157",2012,0,0,1,0,0
"388",2015,"WR15-80160",2012,0,0,0.274457162296297,0.725542837703703,0
"389",2015,"WR15-80163",2012,0.259110259536932,0.368022953205556,0.372866787257512,0,0
"390",2015,"WR15-80171",2012,0.343598379573305,0,0.170815242279088,0.485586378147608,0
"391",2015,"WR15-80181",2012,0.210354494022464,0,0.789645505977536,0,0
"392",2015,"WR15-80189",2012,0,0,1,0,0
"393",2015,"WR15-80190",2012,0.715045668460776,0,0.284954331539224,0,0
"394",2015,"WR15-80192",2012,0.82471917706688,0,0.17528082293312,0,0
"395",2015,"WR15-80196",2012,0.227449536400457,0,0.772550463599543,0,0
"396",2015,"WR15-80200",2012,0,0,0.0710697562437284,0.928930243756272,0
"397",2015,"WR15-80201",2012,0.224808145726637,0,0.775191854273363,0,0
"398",2015,"WR15-80203",2012,0.12549599515531,0,0.0568258793729027,0.817678125471788,0
"399",2015,"WR15-80204",2012,0.764736637391507,0,0.235263362608493,0,0
"400",2015,"WR15-80205",2012,0.892986696493008,0,0.107013303506992,0,0
"401",2015,"WR15-80206",2012,0.801949135812274,0,0.198050864187726,0,0
"402",2015,"WR15-80207",2012,0,0,1,0,0
"403",2015,"WR15-80215",2012,0.309970699654942,0,0.690029300345058,0,0
"404",2015,"WR15-80217",2012,0.226932741708189,0,0.773067258291811,0,0
"405",2015,"WR15-80218",2012,0.294183977798175,0,0.705816022201825,0,0
"406",2015,"WR15-80223",2012,0,0,1,0,0
"407",2015,"WR15-80224",2012,0.265487284379554,0,0.734512715620446,0,0
"408",2015,"WR15-80225",2012,0.203122687038094,0,0.796877312961906,0,0
"409",2015,"WR15-80226",2012,0.54079334528829,0,0.101422149244757,0.357784505466953,0
"410",2015,"WR15-80227",2012,0.878505670930833,0,0.121494329069167,0,0
"411",2015,"WR15-80229",2012,0.176318329081649,0.360723381032626,0.462958289885725,0,0
"412",2015,"WR15-80230",2012,0.228993739130182,0,0.771006260869818,0,0
"413",2015,"WR15-80232",2012,0.292544442802957,0,0.707455557197043,0,0
"414",2015,"WR15-80233",2012,0.693708954162392,0,0.306291045837608,0,0
"415",2015,"WR15-80234",2012,0,0,0.0779918226126873,0.922008177387313,0
"416",2015,"WR15-80237",2012,0.685149068286062,0,0.314850931713938,0,0
"417",2015,"WR15-80238",2012,0.846026484473594,0,0.153973515526406,0,0
"418",2015,"WR15-80240",2012,0.0576156258589467,0,0.942384374141053,0,0
"419",2015,"WR15-80241",2012,0.170467987496084,0.71763485397769,0.111897158526226,0,0
"420",2015,"WR15-80243",2012,0,0,0.159748278188872,0.840251721811128,0
"421",2015,"WR15-80244",2012,0,0,0.0895379254128893,0.910462074587111,0
"422",2015,"WR15-80246",2012,0.291958987401839,0,0.708041012598161,0,0
"423",2015,"WR15-80247",2012,0.330889380471362,0,0.669110619528638,0,0
"424",2015,"WR15-80248",2012,0.232534930788087,0,0.585576803055536,0.181888266156377,0
"425",2015,"WR15-80249",2012,0.257789500568811,0,0.742210499431189,0,0
"426",2015,"WR15-80251",2012,0,0,1,0,0
"427",2015,"WR15-80252",2012,0.4148613463502,0,0.585138653649801,0,0
"428",2015,"WR15-80258",2012,0.258524180206905,0,0.741475819793095,0,0
"429",2015,"WR15-80259",2012,0.402738925255923,0,0.597261074744077,0,0
"430",2015,"WR15-80261",2012,0.186680379204422,0,0.813319620795578,0,0
"431",2015,"WR15-80262",2012,0.246565725439326,0,0.753434274560674,0,0
"432",2015,"WR15-80263",2012,0.199580596914549,0,0.800419403085451,0,0
"433",2015,"WR15-80264",2012,0.228096604464489,0,0.771903395535511,0,0
"434",2015,"WR15-80265",2012,0.529926405221343,0,0.121387709511355,0.348685885267301,0
"435",2015,"WR15-80266",2012,0,0,1,0,0
"436",2015,"WR15-80268",2012,0.0792083643085354,0,0.920791635691465,0,0
"437",2015,"WR15-80272",2012,0.214193706452627,0,0.785806293547374,0,0
"438",2015,"WR15-80275",2012,0.231889385227755,0,0.768110614772245,0,0
"439",2015,"WR15-80276",2012,0,0.440295433393979,0.559704566606021,0,0
"440",2015,"WR15-80278",2012,0.246023540878105,0.0349769116663525,0.718999547455543,0,0
"441",2015,"WR15-80282",2012,0.199677577366297,0,0.800322422633703,0,0
"442",2015,"WR15-80283",2012,0,0,1,0,0
"443",2015,"WR15-80284",2012,0.263777453231958,0,0.339763899213975,0.396458647554066,0
"444",2015,"WR15-80285",2012,0.219496630489664,0,0.780503369510336,0,0
"445",2015,"WR15-80286",2012,0.322336717491448,0,0.677663282508552,0,0
"446",2015,"WR15-80294",2012,0.211815169208709,0,0.788184830791291,0,0
"447",2015,"WR15-80295",2012,0.165619338179817,0,0.834380661820183,0,0
"448",2015,"WR15-80297",2012,0.489518579099344,0,0.510481420900656,0,0
"449",2015,"WR15-80299",2012,0.231982061632578,0,0.768017938367422,0,0
"450",2015,"WR15-80305",2012,0.0648671066063741,0,0.935132893393626,0,0
"451",2015,"WR15-80310",2012,0.23633645056496,0.0625447274899529,0.701118821945088,0,0
"452",2015,"WR15-80311",2012,0.211732943902867,0,0.788267056097133,0,0
"453",2015,"WR15-80312",2012,0,0,1,0,0
"454",2015,"WR15-80315",2012,0,0,0.321217575689786,0.678782424310214,0
"455",2015,"WR15-80318",2012,0.915828988338984,0,0.0841710116610162,0,0
"456",2015,"WR15-80320",2012,0.245442310815757,0,0.754557689184243,0,0
"457",2015,"WR15-80324",2012,0.80585079221495,0,0.19414920778505,0,0
"458",2015,"WR15-80326",2012,0.258237441569692,0,0.741762558430308,0,0
"459",2015,"WR15-80330",2012,0.298218923752998,0,0.701781076247002,0,0
"460",2015,"WR15-80332",2012,0.119561725018528,0,0.880438274981472,0,0
"461",2015,"WR15-80334",2012,0,0,1,0,0
"462",2015,"WR15-80336",2012,0.372996454220514,0,0.154754706512713,0.472248839266773,0
"463",2015,"WR15-80337",2012,0.248837649801103,0,0.27341945825346,0.477742891945437,0
"464",2015,"WR15-80341",2012,0.224577651840406,0,0.775422348159594,0,0
"465",2015,"WR15-80342",2012,0,0,1,0,0
"466",2015,"WR15-80359",2012,0,0,0.0850199683705151,0.914980031629485,0
"467",2015,"WR15-80364",2012,0.226769510228107,0.0774379548490208,0.695792534922872,0,0
"468",2015,"WR15-80366",2012,0.234158274682339,0,0.765841725317661,0,0
"469",2015,"WR15-80368",2012,0,0,0.0685280898230537,0.931471910176946,0
"470",2015,"WR15-80375",2012,0.232921610333869,0.242490197740902,0.524588191925228,0,0
"471",2015,"WR15-80395",2012,0.825694949979036,0,0.174305050020964,0,0
"472",2015,"WR15-80396",2012,0.134122907194468,0,0.0640101694064891,0.801866923399043,0
"473",2015,"WR15-80398",2012,0.272652274867065,0,0.727347725132935,0,0
"474",2015,"WR15-80400",2012,0.198172872777443,0,0.801827127222557,0,0
"475",2015,"WR15-80424",2012,0.198476258265144,0,0.801523741734856,0,0
"476",2015,"WR15-80425",2012,0.25611360358255,0,0.74388639641745,0,0
"477",2015,"WR15-80427",2012,0.221904357078157,0,0.778095642921843,0,0
"478",2015,"WR15-80431",2012,0.811632362557078,0,0.188367637442922,0,0
"479",2015,"WR15-80439",2012,0.205752800204861,0,0.794247199795139,0,0
"480",2015,"WR15-80458",2012,0.731666819652468,0,0.268333180347533,0,0
"481",2015,"WR15-80470",2012,0.193273504971832,0,0.806726495028168,0,0
"482",2015,"WR15-80471",2012,0.0770297331884457,0.175417663414392,0.747552603397163,0,0
"483",2015,"WR15-80474",2012,0.205393408202864,0,0.794606591797136,0,0
"484",2015,"WR15-80475",2012,0.327529868259546,0,0.672470131740454,0,0
"485",2015,"WR15-80491",2012,0.89696916619821,0,0.10303083380179,0,0
"486",2015,"WR15-80498",2012,0.216175458738784,0,0.783824541261216,0,0
"487",2015,"WR15-80509",2012,0.143210338370078,0,0.856789661629922,0,0
"488",2015,"WR15-80530",2012,0,0,1,0,0
"489",2015,"WR15-80539",2012,0.194996272778729,0,0.805003727221271,0,0
"490",2015,"WR15-80611",2012,0.0906267967838755,0,0.909373203216124,0,0
"491",2015,"WR15-80616",2012,0,0,0.0734970328608204,0.92650296713918,0
"492",2015,"WR15-80671",2012,0,0,1,0,0
"493",2016,"WR16.5001",2013,0.197354377647298,0,0.802645622352702,0,0
"494",2016,"WR16.5002",2012,0.247009144458465,0,0.752990855541535,0,0
"495",2016,"WR16.5003",2012,0.0965698961152578,0,0.903430103884742,0,0
"496",2016,"WR16.5004",2012,0,0,1,0,0
"497",2016,"WR16.5005",2013,0.13730256071397,0,0.86269743928603,0,0
"498",2016,"WR16.5006",2013,0.117196214021075,0,0.882803785978925,0,0
"499",2016,"WR16.5007",2013,0.225619316841836,0,0.774380683158164,0,0
"500",2016,"WR16.5008",2013,0.190651136997696,0,0.809348863002304,0,0
"501",2016,"WR16.5010",2014,0.210623552701822,0.0701903517699303,0.719186095528248,0,0
"502",2016,"WR16.5011",2013,0.238399912351307,0,0.761600087648693,0,0
"503",2016,"WR16.5012",2013,0.100409774979125,0,0.899590225020875,0,0
"504",2016,"WR16.5013",2012,0,0,1,0,0
"505",2016,"WR16.5014",2012,0.221208119824781,0,0.778791880175219,0,0
"506",2016,"WR16.5015",2014,0.332165990182879,0,0.66783400981712,0,0
"507",2016,"WR16.5018",2013,0.101404260656588,0,0.898595739343412,0,0
"508",2016,"WR16.5019",2013,0,0.0396153182128896,0.96038468178711,0,0
"509",2016,"WR16.5022",2013,0.195373165504165,0,0.804626834495835,0,0
"510",2016,"WR16.5025",2013,0.218059874404433,0.506233473696355,0.275706651899213,0,0
"511",2016,"WR16.5026",2013,0.166759586882592,0,0.833240413117408,0,0
"512",2016,"WR16.5029",2013,0,0,1,0,0
"513",2016,"WR16.5030",2013,0.152381665672762,0,0.847618334327238,0,0
"514",2016,"WR16.5031",2012,0.226891003893411,0,0.773108996106589,0,0
"515",2016,"WR16.5032",2012,0,0,1,0,0
"516",2016,"WR16.5033",2013,0.521315384716774,0,0.478684615283226,0,0
"517",2016,"WR16.5034",2013,0.157157578501708,0,0.842842421498292,0,0
"518",2016,"WR16.5036",2013,0.229362868347494,0,0.770637131652506,0,0
"519",2016,"WR16.5037",2013,0,0,1,0,0
"520",2016,"WR16.5038",2013,0.227701109336676,0,0.772298890663324,0,0
"521",2016,"WR16.5039",2013,0.277983749828801,0,0.722016250171199,0,0
"522",2016,"WR16.5042",2013,0.0945691970503979,0,0.905430802949602,0,0
"523",2016,"WR16.5043",2013,0.415467296317762,0,0.584532703682238,0,0
"524",2016,"WR16.5046",2012,0.247682227259387,0,0.536403803452285,0.215913969288328,0
"525",2016,"WR16.5047",2013,0.33015190289263,0,0.66984809710737,0,0
"526",2016,"WR16.5048",2013,0.195369617784936,0,0.804630382215064,0,0
"527",2016,"WR16.5049",2013,0,0,1,0,0
"528",2016,"WR16.5050",2013,0,0,1,0,0
"529",2016,"WR16.5051",2013,0,0,1,0,0
"530",2016,"WR16.5052",2013,0.299678364066697,0,0.700321635933303,0,0
"531",2016,"WR16.5055",2013,0.183367420528368,0,0.816632579471632,0,0
"532",2016,"WR16.5056",2013,0.261041179347245,0,0.738958820652755,0,0
"533",2016,"WR16.5057",2013,0,0,1,0,0
"534",2016,"WR16.5058",2014,0.13688179171225,0,0.86311820828775,0,0
"535",2016,"WR16.5060",2013,0.314816067024017,0,0.685183932975983,0,0
"536",2016,"WR16.5062",2013,0.358183234651666,0,0.641816765348334,0,0
"537",2016,"WR16.5063",2014,0.401051860412001,0,0.598948139587999,0,0
"538",2016,"WR16.5064",2014,0.156462123300302,0,0.843537876699698,0,0
"539",2016,"WR16.5065",2013,0,0,1,0,0
"540",2016,"WR16.5067",2013,0.0796894997353826,0,0.920310500264617,0,0
"541",2016,"WR16.5068",2012,0.237654280219213,0,0.622542688748877,0,0.13980303103191
"542",2016,"WR16.5069",2013,0.263304465931179,0,0.736695534068821,0,0
"543",2016,"WR16.5070",2013,0.235722768160975,0,0.764277231839025,0,0
"544",2016,"WR16.5073",2012,0.798720155601105,0,0.201279844398895,0,0
"545",2016,"WR16.5074",2013,0.34317585839908,0,0.65682414160092,0,0
"546",2016,"WR16.5075",2013,0,0.573872110592199,0.426127889407801,0,0
"547",2016,"WR16.5079",2012,0.415181866854243,0,0.584818133145757,0,0
"548",2016,"WR16.5080",2013,0.109538118660563,0,0.890461881339437,0,0
"549",2016,"WR16.5081",2013,0.216327596847895,0,0.783672403152105,0,0
"550",2016,"WR16.5086",2012,0,0,1,0,0
"551",2016,"WR16.5087",2013,0,0,1,0,0
"552",2016,"WR16.5088",2014,0.175104856002753,0,0.824895143997247,0,0
"553",2016,"WR16.5090",2013,0.126869089336051,0,0.873130910663949,0,0
"554",2016,"WR16.5092",2013,0,0,1,0,0
"555",2016,"WR16.5093",2012,0,0,1,0,0
"556",2016,"WR16.5097",2013,0.200336865540944,0,0.799663134459056,0,0
"557",2016,"WR16.5098",2013,0,0,1,0,0
"558",2016,"WR16.5099",2014,0.148471394146559,0,0.851528605853441,0,0
"559",2016,"WR16.5100",2013,0.0854753952250824,0,0.914524604774918,0,0
"560",2016,"WR16.5103",2013,0.193867561822647,0,0.806132438177353,0,0
"561",2016,"WR16.5105",2013,0.221611614961044,0,0.778388385038956,0,0
"562",2016,"WR16.5108",2013,0.484547052946166,0,0.515452947053834,0,0
"563",2016,"WR16.5111",2014,0.427640027512333,0.122518134073394,0.449841838414273,0,0
"564",2016,"WR16.5113",2013,0,0.220712403768255,0.779287596231745,0,0
"565",2016,"WR16.5117",2013,0.217373356122833,0,0.782626643877167,0,0
"566",2016,"WR16.5118",2014,0.612218031636355,0,0.387781968363645,0,0
"567",2016,"WR16.5120",2013,0.143003849089985,0,0.856996150910014,0,0
"568",2016,"WR16.5122",2013,0.459706939428999,0,0.540293060571001,0,0
"569",2016,"WR16.5124",2014,0,0,1,0,0
"570",2016,"WR16.5125",2013,0.138823285320352,0,0.861176714679648,0,0
"571",2016,"WR16.5126",2013,0.180579050822567,0,0.819420949177433,0,0
"572",2016,"WR16.5129",2013,0.225076373505457,0,0.774923626494543,0,0
"573",2016,"WR16.5131",2012,0.143367138226163,0,0.856632861773837,0,0
"574",2016,"WR16.7001",2013,0.115322789661508,0,0.884677210338492,0,0
"575",2016,"WR16.7003",2012,0.206124579397805,0,0.793875420602196,0,0
"576",2016,"WR16.7004",2013,0,0,1,0,0
"577",2016,"WR16.7005",2012,0.5379153316907,0,0.4620846683093,0,0
"578",2016,"WR16.7008",2013,0.276845791865014,0.207731604417856,0.515422603717129,0,0
"579",2016,"WR16.7010",2013,0,0,1,0,0
"580",2016,"WR16.7011",2013,0.167037471441371,0,0.832962528558629,0,0
"581",2016,"WR16.7012",2013,0,0,1,0,0
"582",2016,"WR16.7013",2013,0.243113847546222,0.41386452740634,0.343021625047438,0,0
"583",2016,"WR16.7015",2013,0.0868640088647156,0,0.913135991135284,0,0
"584",2016,"WR16.7016",2013,0,0,1,0,0
"585",2016,"WR16.7017",2013,0,0,1,0,0
"586",2016,"WR16.7018",2013,0.0471233890757645,0,0.952876610924235,0,0
"587",2016,"WR16.7020",2013,0.112658311184882,0,0.887341688815118,0,0
"588",2016,"WR16.7021",2013,0.225247456552195,0,0.774752543447805,0,0
"589",2016,"WR16.7022",2013,0.193884786318457,0,0.703192302857586,0,0.102922910823957
"590",2016,"WR16.7023",2013,0.190578146684368,0,0.809421853315632,0,0
"591",2016,"WR16.7025",2013,0,0,1,0,0
"592",2016,"WR16.7026",2013,0.195720496304251,0,0.804279503695749,0,0
"593",2016,"WR16.7028",2013,0.230672514873909,0,0.769327485126091,0,0
"594",2016,"WR16.7029",2013,0.251566320593955,0,0.748433679406045,0,0
"595",2016,"WR16.7030",2014,0.184859295177054,0,0.815140704822946,0,0
"596",2016,"WR16.7034",2014,0.183443957117969,0,0.816556042882031,0,0
"597",2016,"WR16.7036",2014,0.209371082921224,0,0.790628917078776,0,0
"598",2016,"WR16.7039",2014,0.13739196816771,0,0.86260803183229,0,0
"599",2016,"WR16.7041",2013,0.418283641422654,0,0.581716358577346,0,0
"600",2016,"WR16.7042",2014,0.197220479441303,0,0.802779520558697,0,0
"601",2016,"WR16.7044",2014,0,0,0.313421760331966,0.686578239668034,0
"602",2016,"WR16.7048",2013,0.334003350755353,0,0.665996649244647,0,0
"603",2016,"WR16.7049",2013,0.221397666202896,0,0.778602333797104,0,0
"604",2016,"WR16.7050",2013,0,0,1,0,0
"605",2016,"WR16.7051",2013,0.120154923214214,0,0.879845076785786,0,0
"606",2016,"WR16.7054",2013,0.0915786416595249,0,0.908421358340475,0,0
"607",2016,"WR16.7055",2013,0.205403380040675,0,0.794596619959325,0,0
"608",2016,"WR16.7056",2013,0.169763216297884,0,0.830236783702116,0,0
"609",2016,"WR16.7057",2013,0,0,1,0,0
"610",2016,"WR16.7058",2014,0.304462568543482,0,0.695537431456518,0,0
"611",2016,"WR16.7060",2013,0.316312530103984,0,0.683687469896016,0,0
"612",2016,"WR16.7061",2013,0.15240204387351,0,0.84759795612649,0,0
"613",2016,"WR16.7063",2013,0.248462310253277,0,0.751537689746723,0,0
"614",2016,"WR16.7067",2014,0.449263813387441,0,0.550736186612559,0,0
"615",2016,"WR16.7068",2013,0.129756892299885,0,0.870243107700115,0,0
"616",2016,"WR16.7069",2013,0,0,1,0,0
"617",2016,"WR16.7070",2014,0,0,1,0,0
"618",2016,"WR16.7071",2013,0.432132769413268,0,0.567867230586732,0,0
"619",2016,"WR16.7074",2013,0.199467431981808,0,0.800532568018192,0,0
"620",2016,"WR16.7075",2014,0.410849785634865,0,0.589150214365135,0,0
"621",2016,"WR16.7077",2013,0.599271423612615,0,0.400728576387385,0,0
"622",2016,"WR16.7079",2014,0.195085648182463,0,0.804914351817537,0,0
"623",2016,"WR16.7080",2013,0.256362229424191,0,0.743637770575809,0,0
"624",2016,"WR16.7081",2013,0,0,1,0,0
"625",2016,"WR16.7082",2013,0.285197991172091,0,0.714802008827909,0,0
"626",2016,"WR16.7083",2013,0.262992909942988,0,0.737007090057012,0,0
"627",2016,"WR16.7085",2013,0.418758237167398,0,0.581241762832602,0,0
"628",2016,"WR16.7087",2014,0.12650254007966,0,0.87349745992034,0,0
"629",2016,"WR16.7089",2013,0.195998823776362,0,0.804001176223638,0,0
"630",2016,"WR16.7091",2013,0.228045851670475,0,0.771954148329525,0,0
"631",2016,"WR16.7092",2013,0,0,1,0,0
"632",2016,"WR16.7095",2012,0.171328599710973,0,0.828671400289027,0,0
"633",2016,"WR16.7097",2013,0.104430015887251,0,0.895569984112749,0,0
"634",2016,"WR16.7099",2013,0.266879346765686,0,0.733120653234314,0,0
"635",2016,"WR16.7100",2014,0.23074172092569,0,0.76925827907431,0,0
"636",2016,"WR16.7101",2013,0.217634036154095,0,0.782365963845905,0,0
"637",2016,"WR16.7102",2012,0.131639039632613,0,0.868360960367387,0,0
"638",2016,"WR16.7103",2013,0,0,1,0,0
"639",2016,"WR16.7104",2012,0.272283825150868,0,0.727716174849132,0,0
"640",2016,"WR16.7105",2012,0,0,1,0,0
"641",2016,"WR16.7106",2013,0.2990714342945,0,0.7009285657055,0,0
"642",2016,"WR16.7107",2012,0.223689336907588,0,0.776310663092412,0,0
"643",2016,"WR16.7108",2013,0.340099685929155,0,0.659900314070845,0,0
"644",2016,"WR16.7109",2013,0.170621211350366,0,0.829378788649634,0,0
"645",2016,"WR16.7110",2013,0.149085776819462,0,0.850914223180538,0,0
"646",2016,"WR16.7111",2013,0.366137337998293,0,0.633862662001707,0,0
"647",2016,"WR16.7112",2013,0.229186985913136,0,0.770813014086864,0,0
"648",2016,"WR16.7115",2012,0.195296120811989,0,0.804703879188011,0,0
"649",2016,"WR16.7117",2014,0.198034689993686,0,0.801965310006314,0,0
"650",2016,"WR16.7118",2013,0.0785300832752437,0,0.921469916724756,0,0
"651",2016,"WR16.7119",2014,0,0,1,0,0
"652",2016,"WR16.7120",2013,0,0,1,0,0
"653",2016,"WR16.80024",2013,0.149822274642821,0,0.850177725357179,0,0
"654",2016,"WR16.80025",2013,0,0,1,0,0
"655",2016,"WR16.80032",2013,0.244394032358298,0,0.755605967641702,0,0
"656",2016,"WR16.80036",2013,0.316502072748191,0,0.683497927251809,0,0
"657",2016,"WR16.80040",2013,0.294781115344356,0,0.705218884655644,0,0
"658",2016,"WR16.80048",2013,0.176049389211698,0,0.823950610788302,0,0
"659",2016,"WR16.80049",2013,0.133935689729355,0,0.866064310270645,0,0
"660",2016,"WR16.80050",2013,0,0,1,0,0
"661",2016,"WR16.80051",2013,0.075229793050909,0,0.924770206949091,0,0
"662",2016,"WR16.80053",2013,0,0,1,0,0
"663",2016,"WR16.80054",2013,0.225826189664529,0,0.774173810335471,0,0
"664",2016,"WR16.80055",2013,0.259862811572997,0,0.740137188427003,0,0
"665",2016,"WR16.80056",2013,0.253553247746394,0,0.746446752253606,0,0
"666",2016,"WR16.80058",2013,0.327089335250864,0,0.672910664749136,0,0
"667",2016,"WR16.80059",2013,0.101023167686042,0,0.898976832313958,0,0
"668",2016,"WR16.80060",2013,0.215288368172442,0,0.784711631827558,0,0
"669",2016,"WR16.80061",2013,0.579650991386409,0,0.420349008613591,0,0
"670",2016,"WR16.80062",2013,0.221628605593041,0,0.778371394406959,0,0
"671",2016,"WR16.80063",2013,0.115546844741555,0,0.884453155258445,0,0
"672",2016,"WR16.80095",2013,0.509713616299654,0,0.490286383700346,0,0
"673",2016,"WR16.80104",2013,0.115797497962349,0.238152186700492,0.646050315337159,0,0
"674",2016,"WR16.80123",2013,0.244638440492871,0,0.755361559507129,0,0
"675",2016,"WR16.80157",2013,0.148814843685545,0,0.851185156314455,0,0
"676",2016,"WR16.80220",2013,0.131938912242687,0,0.868061087757313,0,0
"677",2016,"WR16.80458",2013,0.257961585932726,0,0.742038414067274,0,0
"678",2016,"WR16.80500",2014,0,0,0.247182566973318,0.752817433026682,0
"679",2017,"WR17.5001",2013,0.290110954755927,0,0.465617733086952,0.24427131215712,0
"680",2017,"WR17.5006",2014,0,0,1,0,0
"681",2017,"WR17.5009",2013,0.2157850889039,0.301266176696369,0.482948734399731,0,0
"682",2017,"WR17.5016",2013,0,0,1,0,0
"683",2017,"WR17.5028",2014,0.587424000663715,0,0.412575999336285,0,0
"684",2017,"WR17.5034",2014,0.743695746228169,0,0.256304253771831,0,0
"685",2017,"WR17.5048",2013,0.227639932350324,0,0.772360067649676,0,0
"686",2017,"WR17.5054",2014,0,0,0.189178463731973,0.810821536268027,0
"687",2017,"WR17.5061",2014,0.304040721385188,0,0.695959278614812,0,0
"688",2017,"WR17.7001",2014,0.124306889906743,0,0.875693110093257,0,0
"689",2017,"WR17.7002",2013,0.416717737120804,0,0.583282262879196,0,0
"690",2017,"WR17.7003",2013,0.220729161185372,0,0.690556504125121,0.0887143346895071,0
"691",2017,"WR17.7005",2013,0.128573740814987,0,0.871426259185013,0,0
"692",2017,"WR17.7011",2014,0,0,0.204131020568091,0.795868979431909,0
"693",2017,"WR17.7012",2015,0,0.0657352179776646,0.934264782022335,0,0
"694",2017,"WR17.7021",2014,0,0,0.169784765252496,0.830215234747504,0
"695",2017,"WR17.7027",2014,0.161683606594922,0,0.838316393405078,0,0
"696",2017,"WR17.7051",2015,0.207537516272729,0,0.256459781137073,0.536002702590198,0
"697",2017,"WR17.80036",2014,0,0,1,0,0
"698",2017,"WR17.80054",2013,0.108801822231121,0,0.891198177768879,0,0
"699",2017,"WR17.80068",2013,0.0881386117975454,0,0.911861388202455,0,0
"700",2017,"WR17.80170",2014,0.0650519462538869,0,0.589018164292206,0.345929889453907,0
"701",2017,"WR17.80181",2014,0,0,0.160517181914667,0.839482818085333,0
"702",2017,"WR17.80235",2013,0,0,1,0,0
"703",2017,"WR17.80279",2015,0.151553089739193,0,0.848446910260807,0,0
"704",2017,"WR17.80393",2014,0.266181656737859,0,0.73381834326214,0,0
"705",2017,"WR17.80408",2015,0.155757725261729,0,0.844242274738271,0,0
