"Sample_ID","Brood_year","fork_length","las_dist","ame_dist","x_dist","del_dist","rearing_type"
"WR07-01",2004,NA,239.4,0,0,0,"LAS"
"WR07-02",2004,NA,0,240,0,0,"AME"
"WR07-03",2004,NA,0,0,0,180,"DEL"
"WR07-04",2004,NA,0,303.983,0,0,"AME"
"WR07-05",2004,NA,0,0,57.483,0,"X"
"WR07-06",2004,NA,120,0,0,0,"LAS"
"WR07-07",2004,NA,124.772,0,0,0,"LAS"
"WR07-08",2004,NA,180,0,0,0,"LAS"
"WR07-09",2004,NA,0,0,0,0,"SAC"
"WR07-10",2004,NA,0,0,0,0,"SAC"
"WR07-11",2004,NA,58.497,0,0,0,"LAS"
"WR07-12",2004,NA,92.6539999999999,0,0,0,"LAS"
"WR07-13",2004,NA,0,0,0,0,"SAC"
"WR07-14",2004,NA,175.331,0,0,0,"LAS"
"WR07-15",2004,NA,0,123.234,82.928,0,"AME"
"WR07-16",2004,NA,176.168,0,0,0,"LAS"
"WR07-17",2004,NA,146.748,0,0,0,"LAS"
"WR07-18",2004,NA,0,0,0,0,"SAC"
"WR07-19",2004,NA,83.35,0,0,0,"LAS"
"WR07-20",2004,NA,0,0,0,0,"SAC"
"WR07-21",2004,NA,0,175.492,0,0,"AME"
"WR07-23",2004,NA,67.289,0,0,0,"LAS"
"WR07-24",2004,NA,0,0,0,0,"SAC"
"WR07-25",2004,NA,0,0,0,129.172,"DEL"
"WR07-26",2004,NA,0,0,0,0,"SAC"
"WR07-27",2004,NA,0,0,0,0,"SAC"
"WR07-28",2004,NA,0,0,0,0,"SAC"
"WR07-29",2004,NA,0,0,0,0,"SAC"
"WR07-30",2004,NA,0,0,0,0,"SAC"
"WR08-01",2005,NA,40,281,0,0,"AME"
"WR08-03",2005,NA,0,0,0,0,"SAC"
"WR08-04",2005,NA,0,0,0,176,"DEL"
"WR08-05",2005,NA,189,0,0,0,"LAS"
"WR08-06",2005,NA,0,0,0,159,"DEL"
"WR08-07",2005,NA,0,280,0,0,"AME"
"WR08-08",2005,NA,105,0,0,0,"LAS"
"WR08-09",2005,NA,0,74,0,0,"AME"
"WR08-10",2005,NA,0,0,0,0,"SAC"
"WR08-11",2005,NA,0,0,0,215,"DEL"
"WR08-12",2005,NA,0,0,0,0,"SAC"
"WR08-13",2005,NA,0,0,0,221,"DEL"
"WR08-14",2005,NA,0,0,0,210,"DEL"
"WR08-15",2005,NA,0,156,0,0,"AME"
"WR08-16",2005,NA,0,0,0,0,"SAC"
"WR08-17",2005,NA,0,0,0,0,"SAC"
"WR08-18",2005,NA,0,272,0,0,"AME"
"WR08-19",2005,NA,0,197,0,0,"AME"
"WR08-20",2005,NA,0,0,0,0,"SAC"
"WR08-21",2005,NA,276,0,0,0,"LAS"
"WR08-22",2005,NA,92.75,0,0,0,"LAS"
"WR08-23",2005,NA,0,118,0,0,"AME"
"WR08-24",2005,NA,0,0,162,0,"X"
"WR08-25",2005,NA,0,0,0,0,"SAC"
"WR08-26",2005,NA,0,0,0,0,"SAC"
"WR08-27",2005,NA,93,0,0,0,"LAS"
"WR08-28",2005,NA,0,0,0,168,"DEL"
"WR08-29",2005,NA,0,0,0,150,"DEL"
"WR08-30",2005,NA,0,0,0,0,"SAC"
"WR08-31",2005,NA,0,0,0,0,"SAC"
"WR08-32",2005,NA,0,0,0,0,"SAC"
"WR08-33",2005,NA,162,0,0,0,"LAS"
"WR08-34",2005,NA,54,0,0,0,"LAS"
"WR08-35",2005,NA,61,0,0,0,"LAS"
"WR08-36",2005,NA,216,0,0,0,"LAS"
"WR08-37",2005,NA,0,0,0,0,"SAC"
"WR08-39",2005,NA,56,0,0,0,"LAS"
"WR08-40",2005,NA,0,0,0,0,"SAC"
"WR08-41",2005,NA,0,0,0,260,"DEL"
"WR08-42",2005,NA,0,331,0,0,"AME"
"WR08-43",2005,NA,0,273,0,0,"AME"
"WR08-44",2005,NA,0,0,0,0,"SAC"
"WR08-45",2005,NA,0,0,0,0,"SAC"
"WR08-46",2005,NA,57,0,0,0,"LAS"
"WR08-47",2005,NA,0,333,0,0,"AME"
"WR08-48",2005,NA,0,0,0,0,"SAC"
"WR08-49",2005,NA,0,151,0,0,"AME"
"WR08-50",2005,NA,0,0,0,0,"SAC"
"WR08-51",2005,NA,0,0,0,200,"DEL"
"WR08-52",2005,NA,0,357,0,0,"AME"
"WR08-53",2005,NA,0,0,0,0,"SAC"
"WR08-54",2005,NA,0,0,0,194,"DEL"
"WR08-55",2005,NA,0,0,0,0,"SAC"
"WR08-56",2005,NA,0,0,0,244,"DEL"
"WR08-57",2005,NA,236,0,0,0,"LAS"
"WR08-58",2005,NA,0,0,0,0,"SAC"
"WR08-60",2005,NA,0,0,0,136,"DEL"
"WR08-62",2005,NA,233,0,0,0,"LAS"
"WR08-63",2005,NA,0,0,0,176,"DEL"
"WR08-64",2005,NA,146,0,0,0,"LAS"
"WR08-65",2005,NA,0,212,0,0,"AME"
"WR08-66",2005,NA,0,0,0,0,"SAC"
"WR08-67",2005,NA,0,0,0,200,"DEL"
"WR08-68",2005,NA,0,0,0,0,"SAC"
"WR08-69",2005,NA,0,0,0,278,"DEL"
"WR08-70",2005,NA,0,227,0,0,"AME"
"WR08-71",2005,NA,0,0,0,161,"DEL"
"WR08-72",2005,NA,0,0,0,0,"SAC"
"WR08-73",2005,NA,0,158,0,0,"AME"
"WR08-74",2005,NA,0,0,0,0,"SAC"
"WR08-75",2005,NA,0,0,0,0,"SAC"
"WR08-76",2005,NA,0,0,0,0,"SAC"
"WR08-77",2005,NA,0,0,0,189,"DEL"
"WR08-78",2005,NA,0,0,0,235,"DEL"
"WR08-79",2005,NA,0,276,0,0,"AME"
"WR08-80",2005,NA,0,325,0,0,"AME"
"WR08-81",2005,NA,0,0,0,129,"DEL"
"WR08-82",2005,NA,0,283,0,0,"AME"
"WR08-83",2005,NA,0,0,0,0,"SAC"
"WR08-84",2005,NA,0,0,0,156,"DEL"
"WR08-86",2005,NA,0,0,0,0,"SAC"
"WR08-87",2005,NA,0,0,0,0,"SAC"
"WR08-88",2005,NA,0,0,0,0,"SAC"
"WR08-89",2005,NA,0,0,0,0,"SAC"
"WR08-90",2005,NA,0,238,0,0,"AME"
"WR08-91",2005,NA,0,219,0,0,"AME"
"WR08-93",2005,NA,0,280.99,0,0,"AME"
"WR08-94",2005,NA,0,0,0,138,"DEL"
"WR08-95",2005,NA,0,0,0,121,"DEL"
"WR08-96",2005,NA,0,0,0,0,"SAC"
"WR09-01",2006,850,0,221,0,0,"AME"
"WR09-02",2006,840,0,0,0,0,"SAC"
"WR09-03",2006,780,0,0,0,0,"SAC"
"WR09-04",2006,840,0,0,0,0,"SAC"
"WR09-05",2006,850,0,0,0,0,"SAC"
"WR09-06",2006,750,0,0,0,0,"SAC"
"WR09-07",2006,900,53,0,0,0,"LAS"
"WR09-08",2006,730,0,0,0,0,"SAC"
"WR09-09",2006,690,0,0,0,0,"SAC"
"WR09-10",2006,770,0,214,0,0,"AME"
"WR09-11",2006,820,0,0,0,0,"SAC"
"WR09-12",2006,840,72,0,0,0,"LAS"
"WR09-13",2006,850,0,0,0,0,"SAC"
"WR09-14",2006,880,0,0,0,0,"SAC"
"WR09-15",2006,830,0,0,0,0,"SAC"
"WR09-16",2006,780,0,0,0,187,"DEL"
"WR09-17",2006,800,0,0,0,0,"SAC"
"WR09-18",2006,730,0,0,0,159,"DEL"
"WR09-19",2006,770,0,0,0,0,"SAC"
"WR09-20",2006,850,0,0,0,201,"DEL"
"WR09-21",2006,750,0,0,0,0,"SAC"
"WR09-22",2006,780,0,222,0,0,"AME"
"WR09-23",2006,740,0,0,0,0,"SAC"
"WR09-24",2006,860,0,0,0,0,"SAC"
"WR09-27",2006,810,0,0,0,0,"SAC"
"WR09-28",2006,920,0,0,0,0,"SAC"
"WR09-29",2006,870,0,0,0,0,"SAC"
"WR09-30",2006,870,0,185,0,0,"AME"
"WR09-31",2006,800,0,0,0,0,"SAC"
"WR09-32",2006,900,0,0,0,0,"SAC"
"WR09-33",2006,840,0,0,0,0,"SAC"
"WR09-34",2006,750,0,0,0,204,"DEL"
"WR09-35",2006,900,0,0,0,0,"SAC"
"WR09-36",2006,880,0,0,0,0,"SAC"
"WR09-37",2006,710,0,0,0,0,"SAC"
"WR09-38",2006,810,0,0,0,0,"SAC"
"WR09-39",2006,800,0,0,0,0,"SAC"
"WR09-40",2006,740,0,0,0,0,"SAC"
"WR09-41",2006,780,56,0,0,0,"LAS"
"WR09-42",2006,850,0,0,0,176,"DEL"
"WR09-43",2006,740,0,0,0,202,"DEL"
"WR09-44",2006,710,0,0,0,0,"SAC"
"WR09-45",2006,830,0,226,0,0,"AME"
"WR09-46",2006,770,0,0,0,0,"SAC"
"WR09-47",2006,750,0,0,0,0,"SAC"
"WR09-48",2006,780,0,0,0,0,"SAC"
"WR09-49",2006,760,0,0,0,0,"SAC"
"WR09-50",2006,760,0,181,0,0,"AME"
"WR09-51",2006,930,0,0,0,135,"DEL"
"WR09-52",2006,790,0,0,0,0,"SAC"
"WR09-54",2006,770,0,211,0,0,"AME"
"WR09-55",2006,730,0,0,41,0,"X"
"WR09-56",2006,800,0,291,0,0,"AME"
"WR09-57",2006,880,0,0,0,0,"SAC"
"WR09-58",2006,770,0,0,0,0,"SAC"
"WR09-59",2006,850,111,0,0,0,"LAS"
"WR09-60",2006,760,0,0,0,121,"DEL"
"WR09-63",2006,820,0,275.21,0,0,"AME"
"WR09-64",2006,890,0,202.59,0,0,"AME"
"WR09-65",2006,780,0,0,0,0,"SAC"
"WR09-66",2006,910,0,0,0,223,"DEL"
"WR09-67",2006,760,107,55,0,0,"LAS"
"WR09-68",2006,750,0,205,0,0,"AME"
"WR09-69",2006,860,55,0,0,0,"LAS"
"WR09-70",2006,810,0,105,0,0,"AME"
"WR09-71",2006,800,0,0,0,0,"SAC"
"WR09-72",2006,840,112,0,0,0,"LAS"
"WR15-5003",2012,781,0,0,0,307.703,"DEL"
"WR15-5004",2012,660,0,0,0,206.938,"DEL"
"WR15-5006",2012,774,0,0,0,0,"SAC"
"WR15-5007",2012,918,0,0,0,0,"SAC"
"WR15-5008",2012,845,0,0,0,0,"SAC"
"WR15-5011",2012,631,0,0,0,0,"SAC"
"WR15-5015",2012,770,0,248.529,0,0,"AME"
"WR15-5016",2012,733,0,0,0,167.376,"DEL"
"WR15-5019",2012,810,0,0,0,0,"SAC"
"WR15-5021",2012,900,0,206.939,0,0,"AME"
"WR15-5023",2012,752,0,0,0,0,"SAC"
"WR15-5025",2012,754,0,0,0,0,"SAC"
"WR15-5027",2012,719,0,0,0,0,"SAC"
"WR15-5028",2012,745,0,0,0,0,"SAC"
"WR15-5029",2012,740,0,0,0,0,"SAC"
"WR15-5030",2012,731,0,0,0,0,"SAC"
"WR15-5038",2012,835,0,0,0,0,"SAC"
"WR15-5040",2012,763,0,0,0,203.46,"DEL"
"WR15-5046",2012,812,0,0,0,0,"SAC"
"WR15-5048",2012,698,0,0,0,0,"SAC"
"WR15-5054",2012,901,0,0,0,0,"SAC"
"WR15-5060",2012,755,0,0,0,0,"SAC"
"WR15-5064",2012,730,0,0,0,229.932,"DEL"
"WR15-5064B",2012,NA,0,0,0,0,"SAC"
"WR15-5065",2012,676,0,0,0,0,"SAC"
"WR15-5069",2012,857,0,0,0,0,"SAC"
"WR15-5071",2012,869,0,169.744,0,0,"AME"
"WR15-5075",2012,872,0,0,0,0,"SAC"
"WR15-5079",2012,725,0,0,0,0,"SAC"
"WR15-5085",2012,720,0,0,0,0,"SAC"
"WR15-5089",2012,792,0,0,0,0,"SAC"
"WR15-5098",2012,700,0,0,0,0,"SAC"
"WR15-5105",2012,697,0,0,0,0,"SAC"
"WR15-5108",2012,761,0,0,0,0,"SAC"
"WR15-5111",2012,870,0,0,0,167.473,"DEL"
"WR15-5115",2012,730,0,0,0,0,"SAC"
"WR15-5124",2012,725,0,0,0,0,"SAC"
"WR15-5127",2012,670,0,0,0,0,"SAC"
"WR15-5130",2012,925,0,0,0,227.565,"DEL"
"WR15-5134",2012,775,0,0,0,0,"SAC"
"WR15-5137",2012,718,0,176.752,0,0,"AME"
"WR15-5141",2011,870,0,0,0,0,"SAC"
"WR15-5142",2012,787,0,0,0,0,"SAC"
"WR15-5151",2012,820,0,0,0,0,"SAC"
"WR15-5154",2012,730,0,0,0,190.37,"DEL"
"WR15-5157",2012,669,0,0,0,0,"SAC"
"WR15-5157B",2012,NA,0,0,0,0,"SAC"
"WR15-5163",2012,762,0,0,0,0,"SAC"
"WR15-5167",2012,718,0,0,0,0,"SAC"
"WR15-5171",2012,890,0,0,0,0,"SAC"
"WR15-5178",2012,750,0,173.125,0,123.758,"AME"
"WR15-5182",2012,710,0,0,0,0,"SAC"
"WR15-5193",2012,735,160.953,0,0,0,"LAS"
"WR15-5196",2012,651,0,347.603,0,0,"AME"
"WR15-5199",2012,728,0,0,0,213.701,"DEL"
"WR15-5207",2012,731,0,0,0,0,"SAC"
"WR15-5211",2012,700,0,0,0,0,"SAC"
"WR15-5213",2012,925,0,0,0,0,"SAC"
"WR15-5216",2012,733,0,0,0,0,"SAC"
"WR15-5220",2012,699,0,0,0,0,"SAC"
"WR15-5223",2013,537,0,0,0,0,"SAC"
"WR15-5226",2012,710,0,0,0,0,"SAC"
"WR15-5233",2011,1055,0,0,0,0,"SAC"
"WR15-5242",2012,707,0,0,0,0,"SAC"
"WR15-5254",2012,731,0,0,0,0,"SAC"
"WR15-5261",2012,683,0,305.336,0,0,"AME"
"WR15-5265",2012,690,0,0,0,0,"SAC"
"WR15-5268",2012,823,0,0,0,0,"SAC"
"WR15-5271",2012,827,0,0,0,0,"SAC"
"WR15-5271B",2012,NA,0,0,0,203.219,"DEL"
"WR15-5273",2012,867,0,260.96,0,0,"AME"
"WR15-5283",2012,712,0,0,0,0,"SAC"
"WR15-5288",2012,703,0,0,0,0,"SAC"
"WR15-5292",2012,696,0,0,0,167.823,"DEL"
"WR15-5296",2012,710,265.774,0,0,0,"LAS"
"WR15-5299",2012,740,0,0,0,0,"SAC"
"WR15-5302",2012,750,0,0,0,0,"SAC"
"WR15-5303",2012,781,0,0,0,0,"SAC"
"WR15-5309",2012,698,75.743,0,0,0,"LAS"
"WR15-5312",2012,764,0,0,0,0,"SAC"
"WR15-5317",2012,749,0,0,0,162.643,"DEL"
"WR15-5321",2012,696,0,0,0,0,"SAC"
"WR15-5325",2012,720,0,0,0,0,"SAC"
"WR15-5329",2012,728,0,0,0,0,"SAC"
"WR15-5338",2012,765,0,0,41.252,0,"X"
"WR15-5346",2012,740,0,0,0,0,"SAC"
"WR15-5350",2012,750,0,0,0,0,"SAC"
"WR15-5353",2012,806,0,0,0,0,"SAC"
"WR15-5356",2012,738,0,0,0,0,"SAC"
"WR15-5359",2012,708,0,0,0,0,"SAC"
"WR15-5362",2012,711,0,0,0,0,"SAC"
"WR15-5366",2012,734,0,0,0,189.893,"DEL"
"WR15-5369",2012,635,0,0,0,161.967,"DEL"
"WR15-5374",2012,600,0,242.105,0,0,"AME"
"WR15-5376",2012,721,182.122,0,0,0,"LAS"
"WR15-5379",2012,753,0,0,0,0,"SAC"
"WR15-5383",2012,837,0,0,0,0,"SAC"
"WR15-5389",2012,708,0,0,0,0,"SAC"
"WR15-5395",2012,705,0,0,0,172.205,"DEL"
"WR15-5400",2012,695,0,0,0,0,"SAC"
"WR15-5408",2013,618,0,0,0,190.384,"DEL"
"WR15-5412",2012,705,0,0,0,0,"SAC"
"WR15-5417",2012,713,0,0,0,0,"SAC"
"WR15-7003",2012,749,0,0,0,0,"SAC"
"WR15-7004",2012,764,0,0,0,190.032,"DEL"
"WR15-7005",2012,890,0,0,0,0,"SAC"
"WR15-7007",2012,834,0,0,0,0,"SAC"
"WR15-7013",2012,745,0,0,0,0,"SAC"
"WR15-7015",2012,868,0,0,0,0,"SAC"
"WR15-7016",2012,695,0,0,0,0,"SAC"
"WR15-7019",2012,690,0,0,0,0,"SAC"
"WR15-7021",2011,850,0,0,0,0,"SAC"
"WR15-7022",2012,898,0,0,0,0,"SAC"
"WR15-7025",2012,846,0,0,0,0,"SAC"
"WR15-7027",2012,866,0,180.482,0,0,"AME"
"WR15-7028",2012,732,0,0,0,0,"SAC"
"WR15-7031",2012,724,0,0,0,121.391,"DEL"
"WR15-7031B",2012,NA,0,0,0,0,"SAC"
"WR15-7032",2012,721,0,0,0,0,"SAC"
"WR15-7037",2013,590,0,0,0,0,"SAC"
"WR15-7044",2012,710,0,0,0,0,"SAC"
"WR15-7047",2012,830,0,0,0,0,"SAC"
"WR15-7051",2012,840,0,0,0,0,"SAC"
"WR15-7053",2012,810,0,0,0,0,"SAC"
"WR15-7054",2012,760,0,0,0,0,"SAC"
"WR15-7059",2012,841,0,0,0,198.147,"DEL"
"WR15-7064",2012,898,0,0,0,0,"SAC"
"WR15-7069",2012,902,0,0,0,184.622,"DEL"
"WR15-7071",2012,750,0,0,0,0,"SAC"
"WR15-7074",2012,745,0,0,0,0,"SAC"
"WR15-7081",2012,782,0,0,0,0,"SAC"
"WR15-7086",2012,740,0,0,0,0,"SAC"
"WR15-7091",2012,760,0,0,0,0,"SAC"
"WR15-7099",2012,735,0,0,0,0,"SAC"
"WR15-7102",2012,730,0,0,44.296,0,"X"
"WR15-7107",2012,702,0,0,0,0,"SAC"
"WR15-7110",2012,668,0,0,0,0,"SAC"
"WR15-7113",2012,684,0,0,0,0,"SAC"
"WR15-7116",2012,730,0,0,0,0,"SAC"
"WR15-7120",2012,800,0,0,0,0,"SAC"
"WR15-7125",2012,735,257.461,0,0,0,"LAS"
"WR15-7129",2012,722,0,0,0,0,"SAC"
"WR15-7142",2012,690,0,0,0,0,"SAC"
"WR15-7146",2012,750,0,0,0,0,"SAC"
"WR15-7150",2012,765,0,0,0,245.824,"DEL"
"WR15-7155",2012,759,0,0,0,233.989,"DEL"
"WR15-7160",2012,759,0,0,0,0,"SAC"
"WR15-7166",2012,800,0,0,0,177.068,"DEL"
"WR15-7172",2012,719,0,0,0,0,"SAC"
"WR15-7179",2012,900,0,0,0,0,"SAC"
"WR15-7187",2012,936,0,0,0,0,"SAC"
"WR15-7189",2012,677,0,0,0,0,"SAC"
"WR15-7193",2012,682,0,0,0,0,"SAC"
"WR15-7198",2012,761,0,0,0,0,"SAC"
"WR15-7202",2011,980,0,0,0,0,"SAC"
"WR15-7206",2012,743,0,0,0,177.735,"DEL"
"WR15-7207",2012,690,0,0,0,0,"SAC"
"WR15-7212",2012,770,0,0,0,0,"SAC"
"WR15-7216",2012,690,0,0,0,0,"SAC"
"WR15-7239",2012,681,0,0,0,0,"SAC"
"WR15-7244",2012,735,0,0,0,0,"SAC"
"WR15-7250",2012,770,0,163.995,0,0,"AME"
"WR15-7254",2012,768,123.758,0,0,0,"LAS"
"WR15-7257",2012,679,0,0,0,0,"SAC"
"WR15-7260",2012,720,0,0,0,121.729,"DEL"
"WR15-7262",2012,760,0,0,0,0,"SAC"
"WR15-7270",2011,745,0,0,0,159.249,"DEL"
"WR15-7273",2012,815,0,0,0,0,"SAC"
"WR15-7282",2012,740,0,0,0,0,"SAC"
"WR15-7287",2012,692,0,0,0,0,"SAC"
"WR15-7292",2012,731,0,0,0,0,"SAC"
"WR15-7295",2012,694,0,0,0,151.799,"DEL"
"WR15-7301",2012,800,0,0,0,0,"SAC"
"WR15-7303",2012,700,0,0,0,0,"SAC"
"WR15-7306",2011,705,0,251.054,0,0,"AME"
"WR15-7306B",2011,NA,0,0,0,0,"SAC"
"WR15-7308",2012,733,0,0,0,0,"SAC"
"WR15-7321",2012,663,0,0,0,0,"SAC"
"WR15-7326",2012,712,0,0,0,0,"SAC"
"WR15-7332",2013,550,0,0,0,0,"SAC"
"WR15-7335",2012,741,0,0,0,236.356,"DEL"
"WR15-7340",2012,745,0,0,0,0,"SAC"
"WR15-7343",2012,610,0,0,0,224.86,"DEL"
"WR15-7349",2012,665,155.88,0,0,0,"LAS"
"WR15-7352",2012,683,0,0,0,0,"SAC"
"WR15-7356",2012,716,0,0,0,0,"SAC"
"WR15-7362",2012,748,0,0,0,192.399,"DEL"
"WR15-7370",2013,594,0,0,0,0,"SAC"
"WR15-7371",2012,704,0,0,0,0,"SAC"
"WR15-7373",2013,699,0,0,0,0,"SAC"
"WR15-7374",2012,660,0,0,0,0,"SAC"
"WR15-7375",2012,703,0,0,0,0,"SAC"
"WR15-80117",2012,750,0,0,0,0,"SAC"
"WR15-80122",2012,740,0,0,0,217.064,"DEL"
"WR15-80136",2012,780,0,0,0,191.046,"DEL"
"WR15-80137",2012,740,0,0,0,0,"SAC"
"WR15-80140",2012,770,0,0,0,0,"SAC"
"WR15-80144",2012,720,45.986,0,0,0,"LAS"
"WR15-80145",2012,730,0,0,0,0,"SAC"
"WR15-80148",2012,730,0,0,0,0,"SAC"
"WR15-80157",2012,710,0,0,0,0,"SAC"
"WR15-80160",2012,730,0,201.866,0,0,"AME"
"WR15-80163",2012,760,189.356,0,0,0,"LAS"
"WR15-80171",2012,840,0,181.917,0,0,"AME"
"WR15-80181",2012,840,0,0,0,0,"SAC"
"WR15-80189",2012,750,0,0,0,0,"SAC"
"WR15-80190",2012,690,0,0,0,162.981,"DEL"
"WR15-80192",2012,740,0,0,0,190.708,"DEL"
"WR15-80196",2012,750,0,0,0,0,"SAC"
"WR15-80200",2012,870,0,418.612,0,0,"AME"
"WR15-80201",2012,820,0,0,0,0,"SAC"
"WR15-80203",2012,790,0,274.228,0,0,"AME"
"WR15-80204",2012,780,0,0,0,189.356,"DEL"
"WR15-80205",2012,790,0,0,0,287.753,"DEL"
"WR15-80206",2012,770,0,0,0,206.736,"DEL"
"WR15-80207",2012,770,0,0,0,0,"SAC"
"WR15-80215",2012,760,0,0,0,0,"SAC"
"WR15-80217",2012,750,0,0,0,0,"SAC"
"WR15-80218",2012,710,0,0,0,0,"SAC"
"WR15-80223",2012,780,0,0,0,0,"SAC"
"WR15-80224",2012,720,0,0,0,0,"SAC"
"WR15-80225",2012,730,0,0,0,0,"SAC"
"WR15-80226",2012,780,0,147.426,0,0,"AME"
"WR15-80227",2012,720,0,0,0,233.446,"DEL"
"WR15-80229",2012,710,126.031,0,0,0,"LAS"
"WR15-80230",2012,820,0,0,0,0,"SAC"
"WR15-80232",2012,790,0,0,0,0,"SAC"
"WR15-80233",2012,850,0,0,0,224.183,"DEL"
"WR15-80234",2012,790,0,321.904,0,0,"AME"
"WR15-80237",2012,720,0,0,0,154.528,"DEL"
"WR15-80238",2012,720,0,0,0,247.515,"DEL"
"WR15-80240",2012,730,0,0,0,0,"SAC"
"WR15-80241",2012,810,289.639,0,0,0,"LAS"
"WR15-80243",2012,750,0,228.58,0,0,"AME"
"WR15-80244",2012,720,0,277.947,0,0,"AME"
"WR15-80246",2012,710,0,0,0,0,"SAC"
"WR15-80247",2012,770,0,0,0,0,"SAC"
"WR15-80248",2012,740,0,0,0,0,"SAC"
"WR15-80249",2012,800,0,0,0,0,"SAC"
"WR15-80251",2012,790,0,0,0,0,"SAC"
"WR15-80252",2012,780,0,0,0,0,"SAC"
"WR15-80258",2012,710,0,0,0,0,"SAC"
"WR15-80259",2012,790,0,0,0,0,"SAC"
"WR15-80261",2012,720,0,0,0,0,"SAC"
"WR15-80262",2012,870,0,0,0,0,"SAC"
"WR15-80263",2012,710,0,0,0,0,"SAC"
"WR15-80264",2012,730,0,0,0,0,"SAC"
"WR15-80265",2012,770,0,163.657,0,122.067,"AME"
"WR15-80266",2012,740,0,0,0,0,"SAC"
"WR15-80268",2012,680,0,0,0,0,"SAC"
"WR15-80272",2012,870,0,0,0,0,"SAC"
"WR15-80275",2012,730,0,0,0,0,"SAC"
"WR15-80276",2012,710,148.964,0,0,0,"LAS"
"WR15-80278",2012,720,58.419,0,0,0,"LAS"
"WR15-80282",2012,840,0,0,0,0,"SAC"
"WR15-80283",2012,740,0,0,0,0,"SAC"
"WR15-80284",2012,860,0,104.198,0,0,"AME"
"WR15-80285",2012,720,0,0,0,0,"SAC"
"WR15-80286",2012,760,0,0,0,0,"SAC"
"WR15-80294",2012,740,0,0,0,0,"SAC"
"WR15-80295",2012,720,0,0,0,0,"SAC"
"WR15-80297",2012,850,0,0,0,0,"SAC"
"WR15-80299",2012,840,0,0,0,0,"SAC"
"WR15-80305",2012,870,0,0,0,0,"SAC"
"WR15-80310",2012,690,0,0,0,0,"SAC"
"WR15-80311",2012,740,0,0,0,0,"SAC"
"WR15-80312",2012,770,0,0,0,0,"SAC"
"WR15-80315",2012,780,0,163.658,0,0,"AME"
"WR15-80318",2012,740,0,0,0,271.523,"DEL"
"WR15-80320",2012,770,0,0,0,0,"SAC"
"WR15-80324",2012,780,0,0,0,193.414,"DEL"
"WR15-80326",2012,800,0,0,0,0,"SAC"
"WR15-80330",2012,840,0,0,0,0,"SAC"
"WR15-80332",2012,740,0,0,0,0,"SAC"
"WR15-80334",2012,710,0,0,0,0,"SAC"
"WR15-80336",2012,910,0,198.486,0,0,"AME"
"WR15-80337",2012,850,0,122.164,0,0,"AME"
"WR15-80341",2012,800,0,0,0,0,"SAC"
"WR15-80342",2012,710,0,0,0,0,"SAC"
"WR15-80359",2012,840,0,312.775,0,0,"AME"
"WR15-80364",2012,690,40.915,0,0,0,"LAS"
"WR15-80366",2012,750,0,0,0,0,"SAC"
"WR15-80368",2012,750,0,301.231,0,0,"AME"
"WR15-80375",2012,710,104.46,0,0,0,"LAS"
"WR15-80395",2012,870,0,0,0,228.921,"DEL"
"WR15-80396",2012,810,0,261.268,0,0,"AME"
"WR15-80398",2012,810,0,0,0,0,"SAC"
"WR15-80400",2012,700,0,0,0,0,"SAC"
"WR15-80424",2012,700,0,0,0,0,"SAC"
"WR15-80425",2012,870,0,0,0,0,"SAC"
"WR15-80427",2012,760,0,0,0,0,"SAC"
"WR15-80431",2012,690,0,0,0,208.575,"DEL"
"WR15-80439",2012,840,0,0,0,0,"SAC"
"WR15-80458",2012,880,0,0,0,204.233,"DEL"
"WR15-80470",2012,820,0,0,0,0,"SAC"
"WR15-80471",2012,850,83.5189999999999,0,0,0,"LAS"
"WR15-80474",2012,670,0,0,0,0,"SAC"
"WR15-80475",2012,830,0,0,0,0,"SAC"
"WR15-80491",2012,670,0,0,0,303.412,"DEL"
"WR15-80498",2012,790,0,0,0,0,"SAC"
"WR15-80509",2012,680,0,0,0,0,"SAC"
"WR15-80530",2012,720,0,0,0,0,"SAC"
"WR15-80539",2012,760,0,0,0,0,"SAC"
"WR15-80611",2012,700,0,0,0,0,"SAC"
"WR15-80616",2012,740,0,268.939,0,0,"AME"
"WR15-80671",2012,710,0,0,0,0,"SAC"
"WR16.5001",2013,800,0,0,0,0,"SAC"
"WR16.5002",2012,880,0,0,0,0,"SAC"
"WR16.5003",2012,880,0,0,0,0,"SAC"
"WR16.5004",2012,790,0,0,0,0,"SAC"
"WR16.5005",2013,750,0,0,0,0,"SAC"
"WR16.5006",2013,700,0,0,0,0,"SAC"
"WR16.5007",2013,830,0,0,0,0,"SAC"
"WR16.5008",2013,715,0,0,0,0,"SAC"
"WR16.5010",2014,635,0,0,0,0,"SAC"
"WR16.5011",2013,870,0,0,0,0,"SAC"
"WR16.5012",2013,730,0,0,0,0,"SAC"
"WR16.5013",2012,865,0,0,0,0,"SAC"
"WR16.5014",2012,770,0,0,0,0,"SAC"
"WR16.5015",2014,652,0,0,0,0,"SAC"
"WR16.5018",2013,642,0,0,0,0,"SAC"
"WR16.5019",2013,724,0,0,0,0,"SAC"
"WR16.5022",2013,687,0,0,0,0,"SAC"
"WR16.5025",2013,699,197.098,0,0,0,"LAS"
"WR16.5026",2013,840,0,0,0,0,"SAC"
"WR16.5029",2013,670,0,0,0,0,"SAC"
"WR16.5030",2013,690,0,0,0,0,"SAC"
"WR16.5031",2012,687,0,0,0,0,"SAC"
"WR16.5032",2012,850,0,0,0,0,"SAC"
"WR16.5033",2013,741,0,0,0,120.978,"DEL"
"WR16.5034",2013,690,0,0,0,0,"SAC"
"WR16.5036",2013,740,0,0,0,0,"SAC"
"WR16.5037",2013,770,0,0,0,0,"SAC"
"WR16.5038",2013,710,0,0,0,0,"SAC"
"WR16.5039",2013,665,0,0,0,0,"SAC"
"WR16.5042",2013,672,0,0,0,0,"SAC"
"WR16.5043",2013,693,0,0,0,0,"SAC"
"WR16.5046",2012,937,0,74.6849,0,0,"AME"
"WR16.5047",2013,688,0,0,0,0,"SAC"
"WR16.5048",2013,657,0,0,0,0,"SAC"
"WR16.5049",2013,667,0,0,0,0,"SAC"
"WR16.5050",2013,683,0,0,0,0,"SAC"
"WR16.5051",2013,790,0,0,0,0,"SAC"
"WR16.5052",2013,726,0,0,0,0,"SAC"
"WR16.5055",2013,740,0,0,0,0,"SAC"
"WR16.5056",2013,720,0,0,0,0,"SAC"
"WR16.5057",2013,735,0,0,0,0,"SAC"
"WR16.5058",2014,655,0,0,0,0,"SAC"
"WR16.5060",2013,763,0,0,0,0,"SAC"
"WR16.5062",2013,705,0,0,0,0,"SAC"
"WR16.5063",2014,530,0,0,0,0,"SAC"
"WR16.5064",2014,658,0,0,0,0,"SAC"
"WR16.5065",2013,653,0,0,0,0,"SAC"
"WR16.5067",2013,771,0,0,0,0,"SAC"
"WR16.5068",2012,705,0,0,0,0,"SAC"
"WR16.5069",2013,750,0,0,0,0,"SAC"
"WR16.5070",2013,782,0,0,0,0,"SAC"
"WR16.5073",2012,975,0,0,0,184.865,"DEL"
"WR16.5074",2013,680,0,0,0,0,"SAC"
"WR16.5075",2013,757,159.491,0,0,0,"LAS"
"WR16.5079",2012,728,0,0,0,0,"SAC"
"WR16.5080",2013,694,0,0,0,0,"SAC"
"WR16.5081",2013,745,0,0,0,0,"SAC"
"WR16.5086",2012,770,0,0,0,0,"SAC"
"WR16.5087",2013,834,0,0,0,0,"SAC"
"WR16.5088",2014,726,0,0,0,0,"SAC"
"WR16.5090",2013,635,0,0,0,0,"SAC"
"WR16.5092",2013,660,0,0,0,0,"SAC"
"WR16.5093",2012,850,0,0,0,0,"SAC"
"WR16.5097",2013,692,0,0,0,0,"SAC"
"WR16.5098",2013,681,0,0,0,0,"SAC"
"WR16.5099",2014,542,0,0,0,0,"SAC"
"WR16.5100",2013,671,0,0,0,0,"SAC"
"WR16.5103",2013,671,0,0,0,0,"SAC"
"WR16.5105",2013,694,0,0,0,0,"SAC"
"WR16.5108",2013,720,0,0,0,0,"SAC"
"WR16.5111",2014,660,55.278,0,0,0,"LAS"
"WR16.5113",2013,664,235.612,0,0,0,"LAS"
"WR16.5117",2013,701,0,0,0,0,"SAC"
"WR16.5118",2014,577,0,0,0,124.791,"DEL"
"WR16.5120",2013,720,0,0,0,0,"SAC"
"WR16.5122",2013,640,0,0,0,0,"SAC"
"WR16.5124",2014,615,0,0,0,0,"SAC"
"WR16.5125",2013,690,0,0,0,0,"SAC"
"WR16.5126",2013,710,0,0,0,0,"SAC"
"WR16.5129",2013,717,0,0,0,0,"SAC"
"WR16.5131",2012,734,0,0,0,0,"SAC"
"WR16.7001",2013,772,0,0,0,0,"SAC"
"WR16.7003",2012,850,0,0,0,0,"SAC"
"WR16.7004",2013,710,0,0,0,0,"SAC"
"WR16.7005",2012,850,0,0,0,0,"SAC"
"WR16.7008",2013,660,62.863,0,0,0,"LAS"
"WR16.7010",2013,790,0,0,0,0,"SAC"
"WR16.7011",2013,816,0,0,0,0,"SAC"
"WR16.7012",2013,850,0,0,0,0,"SAC"
"WR16.7013",2013,700,154.119,0,0,0,"LAS"
"WR16.7015",2013,660,0,0,0,0,"SAC"
"WR16.7016",2013,728,0,0,0,0,"SAC"
"WR16.7017",2013,775,0,0,0,0,"SAC"
"WR16.7018",2013,692,0,0,0,0,"SAC"
"WR16.7020",2013,800,0,0,0,0,"SAC"
"WR16.7021",2013,830,0,0,0,0,"SAC"
"WR16.7022",2013,720,0,0,0,0,"SAC"
"WR16.7023",2013,700,0,0,0,0,"SAC"
"WR16.7025",2013,624,0,0,0,0,"SAC"
"WR16.7026",2013,727,0,0,0,0,"SAC"
"WR16.7028",2013,668,0,0,0,0,"SAC"
"WR16.7029",2013,709,0,0,0,0,"SAC"
"WR16.7030",2014,620,0,0,0,0,"SAC"
"WR16.7034",2014,640,0,0,0,0,"SAC"
"WR16.7036",2014,645,0,0,0,0,"SAC"
"WR16.7039",2014,675,0,0,0,0,"SAC"
"WR16.7041",2013,746,0,0,0,0,"SAC"
"WR16.7042",2014,724,0,0,0,0,"SAC"
"WR16.7044",2014,546,0,180.787,0,0,"AME"
"WR16.7048",2013,709,0,0,0,0,"SAC"
"WR16.7049",2013,712,0,0,0,0,"SAC"
"WR16.7050",2013,712,0,0,0,0,"SAC"
"WR16.7051",2013,620,0,0,0,0,"SAC"
"WR16.7054",2013,671,0,0,0,0,"SAC"
"WR16.7055",2013,627,0,0,0,0,"SAC"
"WR16.7056",2013,711,0,0,0,0,"SAC"
"WR16.7057",2013,631,0,0,0,0,"SAC"
"WR16.7058",2014,644,0,0,0,0,"SAC"
"WR16.7060",2013,663,0,0,0,0,"SAC"
"WR16.7061",2013,664,0,0,0,0,"SAC"
"WR16.7063",2013,840,0,0,0,0,"SAC"
"WR16.7067",2014,670,0,0,0,123.11652,"DEL"
"WR16.7068",2013,710,0,0,0,0,"SAC"
"WR16.7069",2013,665,0,0,0,0,"SAC"
"WR16.7070",2014,680,0,0,0,0,"SAC"
"WR16.7071",2013,800,0,0,0,0,"SAC"
"WR16.7074",2013,826,0,0,0,0,"SAC"
"WR16.7075",2014,644,0,0,0,0,"SAC"
"WR16.7077",2013,665,0,0,0,0,"SAC"
"WR16.7079",2014,630,0,0,0,0,"SAC"
"WR16.7080",2013,800,0,0,0,0,"SAC"
"WR16.7081",2013,690,0,0,0,0,"SAC"
"WR16.7082",2013,735,0,0,0,0,"SAC"
"WR16.7083",2013,650,0,0,0,0,"SAC"
"WR16.7085",2013,745,0,0,0,0,"SAC"
"WR16.7087",2014,615,0,0,0,0,"SAC"
"WR16.7089",2013,720,0,0,0,0,"SAC"
"WR16.7091",2013,640,0,0,0,0,"SAC"
"WR16.7092",2013,661,0,0,0,0,"SAC"
"WR16.7095",2012,830,0,0,0,0,"SAC"
"WR16.7097",2013,670,0,0,0,0,"SAC"
"WR16.7099",2013,738,0,0,0,0,"SAC"
"WR16.7100",2014,691,0,0,0,0,"SAC"
"WR16.7101",2013,779,0,0,0,0,"SAC"
"WR16.7102",2012,698,0,0,0,0,"SAC"
"WR16.7103",2013,684,0,0,0,0,"SAC"
"WR16.7104",2012,762,0,0,0,0,"SAC"
"WR16.7105",2012,875,0,0,0,0,"SAC"
"WR16.7106",2013,645,0,0,0,0,"SAC"
"WR16.7107",2012,770,0,0,0,0,"SAC"
"WR16.7108",2013,690,0,0,0,0,"SAC"
"WR16.7109",2013,688,0,0,0,0,"SAC"
"WR16.7110",2013,723,0,0,0,0,"SAC"
"WR16.7111",2013,735,0,0,0,0,"SAC"
"WR16.7112",2013,755,0,0,0,0,"SAC"
"WR16.7115",2012,782,0,0,0,0,"SAC"
"WR16.7117",2014,652,0,0,0,0,"SAC"
"WR16.7118",2013,747,0,0,0,0,"SAC"
"WR16.7119",2014,509,0,0,0,0,"SAC"
"WR16.7120",2013,633,0,0,0,0,"SAC"
"WR16.80024",2013,760,0,0,0,0,"SAC"
"WR16.80025",2013,660,0,0,0,0,"SAC"
"WR16.80032",2013,730,0,0,0,0,"SAC"
"WR16.80036",2013,670,0,0,0,0,"SAC"
"WR16.80040",2013,800,0,0,0,0,"SAC"
"WR16.80048",2013,760,0,0,0,0,"SAC"
"WR16.80049",2013,730,0,0,0,0,"SAC"
"WR16.80050",2013,750,0,0,0,0,"SAC"
"WR16.80051",2013,740,0,0,0,0,"SAC"
"WR16.80053",2013,810,0,0,0,0,"SAC"
"WR16.80054",2013,710,0,0,0,0,"SAC"
"WR16.80055",2013,630,0,0,0,0,"SAC"
"WR16.80056",2013,640,0,0,0,0,"SAC"
"WR16.80058",2013,720,0,0,0,0,"SAC"
"WR16.80059",2013,790,0,0,0,0,"SAC"
"WR16.80060",2013,640,0,0,0,0,"SAC"
"WR16.80061",2013,700,0,0,0,149.451,"DEL"
"WR16.80062",2013,750,0,0,0,0,"SAC"
"WR16.80063",2013,680,0,0,0,0,"SAC"
"WR16.80095",2013,700,0,0,0,0,"SAC"
"WR16.80104",2013,640,52.288,0,0,0,"LAS"
"WR16.80123",2013,740,0,0,0,0,"SAC"
"WR16.80157",2013,680,0,0,0,0,"SAC"
"WR16.80220",2013,810,0,0,0,0,"SAC"
"WR16.80458",2013,770,0,0,0,0,"SAC"
"WR16.80500",2014,490,0,190.755,0,0,"AME"
"WR17.5001",2013,900,0,56.1310000000001,0,0,"AME"
"WR17.5006",2014,820,0,0,0,0,"SAC"
"WR17.5009",2013,975,110.983,0,0,0,"LAS"
"WR17.5016",2013,718,0,0,0,0,"SAC"
"WR17.5028",2014,825,0,0,0,120.038,"DEL"
"WR17.5034",2014,715,0,0,0,179.464,"DEL"
"WR17.5048",2013,748,0,0,0,0,"SAC"
"WR17.5054",2014,680,0,238.77,0,0,"AME"
"WR17.5061",2014,712,0,0,0,0,"SAC"
"WR17.7001",2014,740,0,0,0,0,"SAC"
"WR17.7002",2013,770,0,0,0,0,"SAC"
"WR17.7003",2013,930,0,0,0,0,"SAC"
"WR17.7005",2013,1020,0,0,0,0,"SAC"
"WR17.7011",2014,700,0,204.233,0,0,"AME"
"WR17.7012",2015,670,0,0,0,0,"SAC"
"WR17.7021",2014,758,0,226.212,0,0,"AME"
"WR17.7027",2014,710,0,0,0,0,"SAC"
"WR17.7051",2015,560,0,160.952,0,0,"AME"
"WR17.80036",2014,830,0,0,0,0,"SAC"
"WR17.80054",2013,870,0,0,0,0,"SAC"
"WR17.80068",2013,960,0,0,0,0,"SAC"
"WR17.80170",2014,790,0,61.9540000000001,0,0,"AME"
"WR17.80181",2014,880,0,279.976,0,0,"AME"
"WR17.80235",2013,950,0,0,0,0,"SAC"
"WR17.80279",2015,550,0,0,0,0,"SAC"
"WR17.80393",2014,700,0,0,0,0,"SAC"
"WR17.80408",2015,540,0,0,0,0,"SAC"
