"","Sample_ID","FWDist_8786","FWDist_SrV","FWExit_dist"
"1","WR07-01",707.1218,717.938256708861,707.1218
"2","WR07-02",582.0715,772.907285714285,772.907285714285
"3","WR07-03",586.6507,624.514285714286,586.6507
"4","WR07-04",725.0244,949.988828837209,949.988828837209
"5","WR07-05",646.0888,655.066672727273,646.0888
"6","WR07-07",539.0462,633.942145307502,539.0462
"7","WR07-08",640.3474,622.114285714286,640.3474
"8","WR07-09",699.4255,719.533333333333,699.4255
"9","WR07-10",691.9439,707.136935,691.9439
"10","WR07-11",630.0949,649.006830526316,630.0949
"11","WR07-12",677.1208,677.323382089552,677.1208
"12","WR07-13",701.6661,668.42398440678,701.6661
"13","WR07-14",642.7505,664.774075,642.7505
"14","WR07-15",484.3623,608.63348,608.63348
"15","WR07-16",526.867,525.890052918803,526.867
"16","WR07-17",620.215,616.68951434,620.215
"17","WR07-18",579.8536,572.754799578947,579.8536
"18","WR07-19",735.8527,728.15552,735.8527
"19","WR07-20",580.8449,572.412121212121,580.8449
"20","WR07-21",370.0333,565.430186086956,565.430186086956
"21","WR07-23",541.3177,526.996998965517,541.3177
"22","WR07-24",633.2189,634.17894,633.2189
"23","WR07-25",627.4438,652.867037735849,627.4438
"24","WR07-26",588.7578,565.168044102564,588.7578
"25","WR07-27",687.2901,671.043663924444,687.2901
"26","WR07-28",597.9138,579.408307317073,597.9138
"27","WR07-29",676.5468,678.821757714286,676.5468
"28","WR07-30",585.956,566.536134453782,585.956
"29","WR08-01",363.8871,624.199523809524,624.199523809524
"30","WR08-03",621.0981,687.011333333333,621.0981
"31","WR08-04",680.4708,718.969072164948,680.4708
"32","WR08-05",690.2027,665.026232175073,690.2027
"33","WR08-06",615.5161,712.276250377702,615.5161
"34","WR08-07",391.1084,617.107313965836,617.107313965836
"35","WR08-08",679.9705,692.963848984786,679.9705
"36","WR08-09",607.8038,604.946819623171,604.946819623171
"37","WR08-10",646.0234,640.783701421628,646.0234
"38","WR08-11",618.4262,636.598296722908,618.4262
"39","WR08-12",651.3407,609.168353915169,651.3407
"40","WR08-13",502.8783,574.542694252336,502.8783
"41","WR08-14",648.6625,670.762881322137,648.6625
"42","WR08-15",483.5869,643.992145260059,643.992145260059
"43","WR08-16",568.0253,581.385328365999,568.0253
"44","WR08-17",582.7302,605.037396370748,582.7302
"45","WR08-18",489.7169,710.530011217125,710.530011217125
"46","WR08-19",527.7416,648.986944397739,648.986944397739
"47","WR08-20",632.9735,635.687396828416,632.9735
"48","WR08-21",746.5,743.895405949267,746.5
"49","WR08-22",571.4087,367.30009342443,571.4087
"50","WR08-24",615.7341,644.689971198901,615.7341
"51","WR08-25",638.4242,676.394904479786,638.4242
"52","WR08-26",599.3646,591.875023014101,599.3646
"53","WR08-27",533.5878,514.191612903226,533.5878
"54","WR08-28",571.5289,607.216859504132,571.5289
"55","WR08-29",633.8295,636.347628420542,633.8295
"56","WR08-30",679.9969,706.857313432836,679.9969
"57","WR08-31",697.9012,697.5775,697.9012
"58","WR08-32",561.6038,556.965124000057,561.6038
"59","WR08-33",738.0499,740.580702265599,738.0499
"60","WR08-34",687.3517,676.620599263375,687.3517
"61","WR08-35",668.4126,708.59323707796,668.4126
"62","WR08-36",704.9741,484.219304196329,704.9741
"63","WR08-37",663.8138,680.022729095304,663.8138
"64","WR08-39",577.2253,613.483081633111,577.2253
"65","WR08-40",634.3653,681.419350198953,634.3653
"66","WR08-41",696.3282,581.36,696.3282
"67","WR08-42",401.0854,685.92340820778,685.92340820778
"68","WR08-43",406.6086,651.471538461538,651.471538461538
"69","WR08-44",556.7167,648.702882447778,556.7167
"70","WR08-45",553.6286,563.51955601015,553.6286
"71","WR08-46",603.9543,598.240811325237,603.9543
"72","WR08-47",342.5747,662.759182679467,662.759182679467
"73","WR08-48",727.0704,734.167939646542,727.0704
"74","WR08-49",671.255,689.540516756218,671.255
"75","WR08-50",657.246,NA,657.246
"76","WR08-51",575.9254,541.913168597259,575.9254
"77","WR08-52",430.6549,777.124506139639,777.124506139639
"78","WR08-53",539.6152,533.403693873717,539.6152
"79","WR08-54",609.0687,585.279111111111,609.0687
"80","WR08-55",693.7808,669.932706136575,693.7808
"81","WR08-56",668.4105,NA,668.4105
"82","WR08-57",614.9817,615.474673086863,614.9817
"83","WR08-58",777.0314,799.193882594737,777.0314
"84","WR08-60",585.9027,595.847199651029,585.9027
"85","WR08-62",715.2183,812.938462914122,715.2183
"86","WR08-63",647.9783,523.880715554541,647.9783
"87","WR08-64",610.2332,595.543333333333,610.2332
"88","WR08-65",508.9047,656.038861960553,656.038861960553
"89","WR08-66",588.5089,597.056170212766,588.5089
"90","WR08-67",564.7589,583.588679245283,564.7589
"91","WR08-68",641.9158,656.475599197006,641.9158
"92","WR08-69",623.8708,659.251134116218,623.8708
"93","WR08-70",398.4194,609.857182426271,609.857182426271
"94","WR08-71",570.6185,591.649278782164,570.6185
"95","WR08-72",647.0764,654.315974280365,647.0764
"96","WR08-73",423.0931,565.624418563338,565.624418563338
"97","WR08-74",576.6636,592.621338307366,576.6636
"98","WR08-75",708.7191,731.306809073677,708.7191
"99","WR08-76",407.1507,623.723186769906,407.1507
"100","WR08-77",680.8477,659.352194932714,680.8477
"101","WR08-78",595.8014,630.502226011031,595.8014
"102","WR08-79",409.2761,626.234347433063,626.234347433063
"103","WR08-80",412.4089,726.878675374663,726.878675374663
"104","WR08-81",605.3995,659.293128612404,605.3995
"105","WR08-82",373.5281,615.323525545952,615.323525545952
"106","WR08-83",750.7699,744.486673342279,750.7699
"107","WR08-84",603.2856,619.013006993007,603.2856
"108","WR08-86",689.336,672.649503370019,689.336
"109","WR08-87",615.5236,623.538869557837,615.5236
"110","WR08-88",614.7638,600.946011127696,614.7638
"111","WR08-89",614.6872,675.146055268721,614.6872
"112","WR08-90",486.94,684.1703160612,684.1703160612
"113","WR08-91",460.1852,657.549433962264,657.549433962264
"114","WR08-93",471.5767,765.890470339015,720
"115","WR08-94",623.8328,631.830830121027,623.8328
"116","WR08-95",644.6234,676.372322159971,644.6234
"117","WR08-96",539.702,450.870845290471,539.702
"118","WR09-01",441.0818,705.845586141433,705.845586141433
"119","WR09-02",664.2835,660.871132732384,664.2835
"120","WR09-03",700.8149,678.718391098456,700.8149
"121","WR09-04",590.4273,528.509679854561,590.4273
"122","WR09-05",521.5917,565.088169009078,521.5917
"123","WR09-06",528.9202,520.498895035097,528.9202
"124","WR09-07",641.9641,622.421027900856,641.9641
"125","WR09-08",638.7051,641.170571094101,638.7051
"126","WR09-09",673.4416,669.214145466115,673.4416
"127","WR09-10",371.2438,577.332837178067,577.332837178067
"128","WR09-11",552.3792,558.450011996269,552.3792
"129","WR09-12",647.0928,645.884199857947,647.0928
"130","WR09-13",633.2047,593.780160573291,633.2047
"131","WR09-14",589.3241,651.984514599108,589.3241
"132","WR09-15",629.6612,620.512190749725,629.6612
"133","WR09-16",624.3807,652.872335760482,624.3807
"134","WR09-17",597.5849,591.899473652997,597.5849
"135","WR09-18",560.0501,580.327699026775,560.0501
"136","WR09-19",578.6521,561.961860546605,578.6521
"137","WR09-20",587.6895,584.371697776679,587.6895
"138","WR09-21",617.1467,612.267103164985,617.1467
"139","WR09-22",421.4162,606.122212239621,606.122212239621
"140","WR09-23",557.8244,448.804093604809,557.8244
"141","WR09-24",598.7292,460.130728251091,598.7292
"142","WR09-27",678.7615,659.208229998097,678.7615
"143","WR09-28",612.8065,627.064232398281,612.8065
"144","WR09-29",616.2176,632.321555989735,616.2176
"145","WR09-30",464.7073,620.995716454749,620.995716454749
"146","WR09-31",633.3172,638.836555807612,633.3172
"147","WR09-32",611.0147,594.971903004205,611.0147
"148","WR09-33",655.9161,641.072476197652,655.9161
"149","WR09-34",584.6376,594.481656695905,584.6376
"150","WR09-35",529.6971,610.986488918832,529.6971
"151","WR09-36",547.3448,522.295679496716,547.3448
"152","WR09-37",515.0664,537.800374882508,515.0664
"153","WR09-38",665.2867,634.375897278225,665.2867
"154","WR09-39",601.0664,615.967027517371,601.0664
"155","WR09-40",591.125,622.308049196451,591.125
"156","WR09-41",608.8248,608.174316879911,608.8248
"157","WR09-42",596.7371,600.352964645781,596.7371
"158","WR09-43",608.533,637.079941508547,608.533
"159","WR09-44",623.6162,635.387408523394,623.6162
"160","WR09-45",381.767,609.129840345807,609.129840345807
"161","WR09-46",570.4153,547.475426688276,570.4153
"162","WR09-47",533.2212,524.733526003178,533.2212
"163","WR09-48",564.1776,562.690520936372,564.1776
"164","WR09-49",613.7394,602.012385707177,613.7394
"165","WR09-51",596.8153,629.090823905088,596.8153
"166","WR09-52",571.7507,561.002436991649,571.7507
"167","WR09-54",643.5289,664.696618080825,643.5289
"168","WR09-56",328.6818,630.191268161224,630.191268161224
"169","WR09-57",598.2362,632.892421853832,598.2362
"170","WR09-58",587.3585,608.568037182802,587.3585
"171","WR09-59",628.2045,591.47833605563,628.2045
"172","WR09-60",552.9123,554.692040993084,552.9123
"173","WR09-63",383.8037,640.680444650185,640.680444650185
"174","WR09-64",419.6575,644.415899497712,644.415899497712
"175","WR09-65",620.825,611.419059699017,620.825
"176","WR09-67",570.982,593.020032953506,593.020032953506
"177","WR09-68",440.1227,631.689512898486,631.689512898486
"178","WR09-69",629.3573,661.852048544647,629.3573
"179","WR09-70",491.7868,608.16788285361,608.16788285361
"180","WR09-71",676.7863,674.795908681024,676.7863
"181","WR09-72",714.1556,688.434051852521,714.1556
"182","WR15-5003",691.2902,709.28802447473,691.2902
"183","WR15-5004",604.733,573.250430995646,604.733
"184","WR15-5006",754.9242,722.214732419409,754.9242
"185","WR15-5007",649.0594,662.727600984907,649.0594
"186","WR15-5008",615.8144,629.793884523744,615.8144
"187","WR15-5015",465.6898,653.277348662094,653.277348662094
"188","WR15-5016",652.1146,687.968911530147,652.1146
"189","WR15-5019",620.5627,604.509407754368,620.5627
"190","WR15-5021",590.0588,748.374471277221,748.374471277221
"191","WR15-5023",602.5863,579.36119078432,602.5863
"192","WR15-5025",585.2457,563.005830238713,585.2457
"193","WR15-5027",714.454,713.187287264491,714.454
"194","WR15-5028",645.4435,621.991795954314,645.4435
"195","WR15-5029",736.0665,NA,736.0665
"196","WR15-5030",642.6075,629.453406677954,629.453406677954
"197","WR15-5038",681.6342,664.968878687936,681.6342
"198","WR15-5040",647.8814,664.697846941534,647.8814
"199","WR15-5046",500.3246,622.514693152972,500.3246
"200","WR15-5048",613.7186,595.819326067668,613.7186
"201","WR15-5054",600.326,592.252345206349,600.326
"202","WR15-5060",709.7153,692.396375724547,709.7153
"203","WR15-5064",618.9863,598.139527626994,618.9863
"204","WR15-5064B",557.8873,547.517649460181,557.8873
"205","WR15-5065",684.1223,673.275129110654,684.1223
"206","WR15-5069",627.6273,592.394202629557,627.6273
"207","WR15-5071",642.2532,691.086859030056,642.2532
"208","WR15-5079",680.6758,463.490023991552,680.6758
"209","WR15-5085",537.9067,513.922255595738,537.9067
"210","WR15-5089",791.6445,810.220411719356,791.6445
"211","WR15-5098",678.1194,668.629442175955,678.1194
"212","WR15-5105",617.4443,593.60474869191,617.4443
"213","WR15-5108",663.3791,654.072971995174,663.3791
"214","WR15-5111",543.4067,574.050832262211,543.4067
"215","WR15-5115",593.7715,560.470382192361,593.7715
"216","WR15-5124",651.4001,631.760426867649,651.4001
"217","WR15-5127",610.8451,599.678898332034,610.8451
"218","WR15-5130",545.699,520.919648730414,545.699
"219","WR15-5134",652.0762,641.203909311891,652.0762
"220","WR15-5137",557.2615,579.193189635859,579.193189635859
"221","WR15-5141",536.9195,510.982836301687,536.9195
"222","WR15-5142",569.0727,561.372806353767,569.0727
"223","WR15-5151",594.1544,557.247348532441,594.1544
"224","WR15-5154",613.6916,617.048157944597,613.6916
"225","WR15-5157",578.1104,579.294429914347,578.1104
"226","WR15-5157B",654.2387,680.542962089073,654.2387
"227","WR15-5163",587.6036,618.562283116187,587.6036
"228","WR15-5167",615.5734,588.375325863344,615.5734
"229","WR15-5171",615.9774,610.948729478476,615.9774
"230","WR15-5178",646.9101,641.606155621302,641.606155621302
"231","WR15-5182",591.8618,568.933085114249,591.8618
"232","WR15-5193",612.8785,585.649777459906,612.8785
"233","WR15-5196",383.9331,739.76435770761,700
"234","WR15-5199",509.3469,527.582441742458,509.3469
"235","WR15-5213",601.0108,583.974716189433,601.0108
"236","WR15-5216",585.8485,581.920031144202,585.8485
"237","WR15-5220",484.4126,461.894528977337,484.4126
"238","WR15-5223",NA,NA,679.278
"239","WR15-5233",571.2565,560.307322884008,571.2565
"240","WR15-5242",628.3709,606.476400062803,628.3709
"241","WR15-5254",627.0548,642.282285508986,627.0548
"242","WR15-5261",334.4057,600.29278435871,600.29278435871
"243","WR15-5265",585.713,588.964804590486,585.713
"244","WR15-5268",653.113,501.864618856897,653.113
"245","WR15-5271",549.4703,552.872404650663,549.4703
"246","WR15-5271B",631.8125,676.524747618267,631.8125
"247","WR15-5273",593.9417,596.243383868045,596.243383868045
"248","WR15-5283",669.3802,705.035049548415,669.3802
"249","WR15-5288",725.9322,716.73526454263,725.9322
"250","WR15-5292",620.6585,632.74554,620.6585
"251","WR15-5296",705.5388,706.699447038901,705.5388
"252","WR15-5299",557.3737,553.016808939813,557.3737
"253","WR15-5302",641.4372,618.697479038759,641.4372
"254","WR15-5303",611.0562,619.224884010484,611.0562
"255","WR15-5309",565.1705,577.228857437861,565.1705
"256","WR15-5312",616.2999,605.71830919951,616.2999
"257","WR15-5317",599.8352,634.847103796313,599.8352
"258","WR15-5321",620.5106,591.370979323071,620.5106
"259","WR15-5325",592.0257,589.080508334956,592.0257
"260","WR15-5329",608.8249,592.558388449057,608.8249
"261","WR15-5338",555.7006,534.239289058536,555.7006
"262","WR15-5346",685.1598,665.155038927358,685.1598
"263","WR15-5350",594.7191,550.288700713163,594.7191
"264","WR15-5353",497.7296,499.197187424274,497.7296
"265","WR15-5356",620.2498,594.012127779276,620.2498
"266","WR15-5359",606.8427,583.62447752869,606.8427
"267","WR15-5362",559.3414,541.475356762735,559.3414
"268","WR15-5369",574.1627,585.21750536359,574.1627
"269","WR15-5374",619.6271,655.131341706194,619.6271
"270","WR15-5376",571.4072,549.297834820092,571.4072
"271","WR15-5379",578.245,599.108198090399,578.245
"272","WR15-5383",631.612,622.347483482616,631.612
"273","WR15-5389",620.2457,608.972388412153,620.2457
"274","WR15-5395",616.499,673.842440457436,616.499
"275","WR15-5400",576.9649,570.978126510762,576.9649
"276","WR15-5408",553.0055,589.096626695929,553.0055
"277","WR15-5417",581.3059,562.516052730486,581.3059
"278","WR15-7003",689.5416,689.894683716427,689.5416
"279","WR15-7004",690.2869,675.268574722606,690.2869
"280","WR15-7005",664.0107,680.818700474943,664.0107
"281","WR15-7007",620.7006,589.528444995487,620.7006
"282","WR15-7013",678.2575,668.513721071959,678.2575
"283","WR15-7016",633.1444,654.56427145189,633.1444
"284","WR15-7021",825.0509,811.233070189461,825.0509
"285","WR15-7022",675.6866,667.87788349313,675.6866
"286","WR15-7025",742.2071,NA,742.2071
"287","WR15-7027",574.4353,578.887038470835,578.887038470835
"288","WR15-7028",648.04,654.215033708293,648.04
"289","WR15-7031",695.1428,690.355659299738,695.1428
"290","WR15-7031B",480.8436,615.775629163796,480.8436
"291","WR15-7032",578.3788,574.886858494431,578.3788
"292","WR15-7037",544.7196,525.607872044497,544.7196
"293","WR15-7044",628.8062,595.757764570758,628.8062
"294","WR15-7047",677.6806,747.089943032261,677.6806
"295","WR15-7051",645.8691,617.413489906438,645.8691
"296","WR15-7053",681.8497,650.977440732753,681.8497
"297","WR15-7054",626.5704,583.793631682917,626.5704
"298","WR15-7059",636.141,646.857399046406,636.141
"299","WR15-7064",577.3519,552.048415263554,577.3519
"300","WR15-7071",584.9362,564.130552555714,584.9362
"301","WR15-7074",689.3702,694.306507764092,689.3702
"302","WR15-7081",706.3153,672.974352438904,706.3153
"303","WR15-7086",647.339,626.272470606215,647.339
"304","WR15-7091",767.6895,768.999102980838,767.6895
"305","WR15-7099",613.9741,NA,613.9741
"306","WR15-7102",653.5788,659.21480889451,653.5788
"307","WR15-7107",698.3989,714.27664561317,698.3989
"308","WR15-7110",632.8718,454.672643556593,632.8718
"309","WR15-7113",578.6594,566.833323052031,578.6594
"310","WR15-7116",607.1593,591.721459577767,607.1593
"311","WR15-7120",576.1596,589.897200853605,576.1596
"312","WR15-7125",626.2723,597.701095339154,626.2723
"313","WR15-7129",594.7804,594.856913546095,594.7804
"314","WR15-7142",581.9551,576.482160812632,581.9551
"315","WR15-7146",583.2359,562.202252106728,583.2359
"316","WR15-7150",635.4547,649.734540328739,635.4547
"317","WR15-7155",562.343,588.578019960567,562.343
"318","WR15-7160",650.6995,677.835956037952,650.6995
"319","WR15-7166",540.3268,574.961234380883,540.3268
"320","WR15-7172",594.5039,569.830647452604,594.5039
"321","WR15-7179",643.6479,544.549798929227,643.6479
"322","WR15-7187",657.9929,653.817899741007,657.9929
"323","WR15-7189",641.0074,614.339218531745,641.0074
"324","WR15-7193",626.56,596.267077697198,626.56
"325","WR15-7198",669.2457,662.585440937464,669.2457
"326","WR15-7202",596.5455,593.296633846955,596.5455
"327","WR15-7206",637.3428,628.978903232907,637.3428
"328","WR15-7207",664.1666,518.590127895371,664.1666
"329","WR15-7212",616.1229,594.76375360034,616.1229
"330","WR15-7216",565.0038,549.756316959985,565.0038
"331","WR15-7239",588.4206,590.235148034019,588.4206
"332","WR15-7244",571.4045,567.947490544723,571.4045
"333","WR15-7250",570.7197,587.966197507369,570.7197
"334","WR15-7254",657.8442,615.242087751419,657.8442
"335","WR15-7257",570.7124,563.607717424272,570.7124
"336","WR15-7260",627.2355,580.367132548109,627.2355
"337","WR15-7262",592.5339,571.289440358715,592.5339
"338","WR15-7270",568.3014,589.577561610145,568.3014
"339","WR15-7273",616.753,614.341027790701,616.753
"340","WR15-7282",576.8369,550.34602194767,576.8369
"341","WR15-7287",629.903,596.22556618792,629.903
"342","WR15-7292",601.1086,586.099124994601,601.1086
"343","WR15-7295",625.2174,642.913026264309,625.2174
"344","WR15-7301",640.6769,627.793987820707,640.6769
"345","WR15-7303",576.0859,539.527237930002,576.0859
"346","WR15-7306",333.9469,640.561582916573,600
"347","WR15-7306B",706.5084,231.529369458385,706.5084
"348","WR15-7308",649.9402,659.665425382694,649.9402
"349","WR15-7321",625.4832,615.826984201473,625.4832
"350","WR15-7326",649.5646,617.710156006439,649.5646
"351","WR15-7332",546.2141,500.271957852217,546.2141
"352","WR15-7335",626.2401,620.119640765363,626.2401
"353","WR15-7340",530.9218,495.564391034908,530.9218
"354","WR15-7343",619.8821,608.535353479877,619.8821
"355","WR15-7349",579.266,535.322733300606,579.266
"356","WR15-7356",582.575,606.04895813308,582.575
"357","WR15-7362",613.1256,644.573852973605,613.1256
"358","WR15-7370",672.0078,666.782433354898,672.0078
"359","WR15-7371",556.4785,305.913250019847,556.4785
"360","WR15-7373",637.7638,638.893463383822,637.7638
"361","WR15-7374",618.6255,636.345283613721,618.6255
"362","WR15-7375",661.5871,646.848157340829,661.5871
"363","WR15-80117",557.4803,532.802451372034,557.4803
"364","WR15-80122",568.9925,583.160551798875,568.9925
"365","WR15-80136",615.5427,604.829064546318,615.5427
"366","WR15-80137",608.5763,600.527812269351,608.5763
"367","WR15-80140",754.5953,760.922587041257,754.5953
"368","WR15-80144",829.5219,277.906690127875,829.5219
"369","WR15-80145",693.6022,689.390095943552,693.6022
"370","WR15-80148",622.3935,625.082367002224,622.3935
"371","WR15-80157",642.7486,624.75176033679,642.7486
"372","WR15-80160",536.3282,701.946907130768,701.946907130768
"373","WR15-80163",639.4688,594.611220753481,639.4688
"374","WR15-80171",710.6453,732.045338328737,710.6453
"375","WR15-80181",706.4393,653.982421725936,706.4393
"376","WR15-80189",616.9397,600.925596228083,616.9397
"377","WR15-80190",574.1448,571.697844802588,574.1448
"378","WR15-80192",529.9998,523.468562571313,529.9998
"379","WR15-80196",541.2764,512.277168345425,541.2764
"380","WR15-80200",474.9131,841.356794311562,841.356794311562
"381","WR15-80201",652.8476,709.898862629259,652.8476
"382","WR15-80203",313.6204,591.489041742653,591.489041742653
"383","WR15-80204",601.8338,589.134429347058,601.8338
"384","WR15-80205",650.0522,613.706939881044,650.0522
"385","WR15-80206",614.6814,620.07395221412,614.6814
"386","WR15-80207",593.2623,706.049043829261,593.2623
"387","WR15-80215",646.9461,643.887806742279,646.9461
"388","WR15-80217",624.5801,649.707822262377,624.5801
"389","WR15-80218",594.6755,595.190357186966,594.6755
"390","WR15-80223",605.7904,590.987307268419,605.7904
"391","WR15-80224",633.4075,595.056031797676,633.4075
"392","WR15-80225",620.9725,607.398905026966,620.9725
"393","WR15-80226",603.3999,618.095379793109,603.3999
"394","WR15-80227",551.1607,570.111056311343,551.1607
"395","WR15-80229",649.2268,628.559906100003,649.2268
"396","WR15-80230",618.9215,628.828662837807,618.9215
"397","WR15-80232",571.234,551.79067185037,571.234
"398","WR15-80233",656.1779,633.321812439393,656.1779
"399","WR15-80234",389.1643,666.615565118362,666.615565118362
"400","WR15-80237",594.0265,604.429212388944,594.0265
"401","WR15-80241",623.0103,491.670360126783,623.0103
"402","WR15-80243",419.9615,621.956030606749,621.956030606749
"403","WR15-80244",367.3347,618.132076217887,618.132076217887
"404","WR15-80246",661.4311,623.064950373138,661.4311
"405","WR15-80247",661.8908,643.659535403287,661.8908
"406","WR15-80248",593.7064,578.598476945326,593.7064
"407","WR15-80249",610.7435,566.867326427997,610.7435
"408","WR15-80251",638.4035,657.870299258733,638.4035
"409","WR15-80252",590.1373,NA,590.1373
"410","WR15-80258",478.7555,444.82808511785,478.7555
"411","WR15-80259",657.2315,694.287057753686,657.2315
"412","WR15-80261",710.3337,703.263881079759,710.3337
"413","WR15-80262",647.8496,650.424892430298,647.8496
"414","WR15-80263",629.7882,599.004953849191,629.7882
"415","WR15-80264",651.1825,638.019505576742,651.1825
"416","WR15-80265",681.3564,666.123288663239,681.3564
"417","WR15-80266",675.9218,692.871648747902,675.9218
"418","WR15-80268",596.9408,580.185801629994,596.9408
"419","WR15-80272",658.0186,697.03797752244,658.0186
"420","WR15-80275",585.7851,571.412667614306,585.7851
"421","WR15-80276",610.8857,645.283267555331,610.8857
"422","WR15-80278",606.2256,569.141398748329,606.2256
"423","WR15-80282",639.0068,615.438964399984,639.0068
"424","WR15-80283",607.8077,590.15583018448,607.8077
"425","WR15-80284",595.9164,614.23817948153,614.23817948153
"426","WR15-80285",612.4976,606.105235991493,612.4976
"427","WR15-80286",605.8189,603.500049120214,605.8189
"428","WR15-80294",622.7726,623.421882713784,622.7726
"429","WR15-80295",539.8871,531.062214395626,539.8871
"430","WR15-80297",618.4371,629.82484035139,618.4371
"431","WR15-80299",586.4086,565.043100284159,586.4086
"432","WR15-80305",657.4784,666.757759025504,657.4784
"433","WR15-80310",701.814,701.788289677871,701.814
"434","WR15-80311",546.0635,614.404922971059,546.0635
"435","WR15-80312",623.1593,632.467784845653,623.1593
"436","WR15-80315",524.4623,640.737259327071,640.737259327071
"437","WR15-80318",596.7239,598.165252715829,596.7239
"438","WR15-80320",696.7817,674.539673304118,696.7817
"439","WR15-80324",577.4477,584.267982527012,577.4477
"440","WR15-80326",686.3091,665.239563673866,686.3091
"441","WR15-80330",622.1001,597.386003168189,622.1001
"442","WR15-80332",587.5867,583.257003052966,587.5867
"443","WR15-80334",598.1903,565.444270752686,598.1903
"444","WR15-80336",739.0142,739.398574956239,739.0142
"445","WR15-80337",576.2718,614.166829813549,576.2718
"446","WR15-80341",668.5118,663.794471414437,668.5118
"447","WR15-80342",599.4583,578.786085022847,599.4583
"448","WR15-80359",366.8406,668.154626935462,668.154626935462
"449","WR15-80364",595.5605,569.73835237504,595.5605
"450","WR15-80366",591.3417,582.785356427045,591.3417
"451","WR15-80368",348.5742,631.800759256874,631.800759256874
"452","WR15-80375",618.5984,573.395615624756,618.5984
"453","WR15-80395",630.391,652.138138876371,630.391
"454","WR15-80396",322.4928,592.997012015584,592.997012015584
"455","WR15-80398",592.6463,567.970414449699,592.6463
"456","WR15-80400",619.1449,606.641865448534,619.1449
"457","WR15-80424",627.2051,588.771049998421,627.2051
"458","WR15-80425",567.8067,529.482799196953,567.8067
"459","WR15-80427",626.9718,700.872810654664,626.9718
"460","WR15-80431",597.1358,620.692548651609,597.1358
"461","WR15-80439",678.4105,623.651610645558,678.4105
"462","WR15-80470",673.2948,646.342987980874,673.2948
"463","WR15-80471",625.3522,614.97047763979,625.3522
"464","WR15-80474",623.3946,587.390315850431,623.3946
"465","WR15-80475",653.2997,630.601440351951,653.2997
"466","WR15-80491",694.5492,689.841733360719,694.5492
"467","WR15-80498",599.8479,594.297491668144,599.8479
"468","WR15-80509",588.7289,569.342296053241,588.7289
"469","WR15-80530",582.1855,559.940048233242,582.1855
"470","WR15-80539",613.5229,580.558949847567,613.5229
"471","WR15-80611",583.634,583.797402226925,583.634
"472","WR15-80616",360.4718,647.653426147418,590
"473","WR16.5001",822.0982,816.236079023472,822.0982
"474","WR16.5002",786.2538,782.574608572654,786.2538
"475","WR16.5003",909.8808,880.147901542641,909.8808
"476","WR16.5004",755.0313,754.614450313668,755.0313
"477","WR16.5005",505.372,514.672085552803,505.372
"478","WR16.5006",666.1625,693.979941211701,666.1625
"479","WR16.5007",632.6363,622.752423829182,632.6363
"480","WR16.5008",581.6444,550.496819717242,581.6444
"481","WR16.5011",653.4657,653.272446431788,653.4657
"482","WR16.5012",639.3479,638.843777206224,639.3479
"483","WR16.5013",905.3261,900.562406828831,905.3261
"484","WR16.5014",647.8381,630.548582636223,647.8381
"485","WR16.5015",638.2908,627.672154078762,638.2908
"486","WR16.5018",621.8776,628.676882411329,621.8776
"487","WR16.5019",668.638,647.470329983686,668.638
"488","WR16.5022",703.1455,683.525513190304,703.1455
"489","WR16.5025",615.3691,602.202238222672,615.3691
"490","WR16.5026",632.6052,618.986123218104,632.6052
"491","WR16.5029",625.6716,610.050802001221,625.6716
"492","WR16.5030",858.4806,1202.82300733852,858.4806
"493","WR16.5031",591.9335,575.270531852832,591.9335
"494","WR16.5032",1018.118,1024.85040470195,1018.118
"495","WR16.5033",692.4201,687.260790640098,692.4201
"496","WR16.5034",677.5067,662.910764304609,677.5067
"497","WR16.5036",616.0886,589.858346860947,616.0886
"498","WR16.5037",675.1165,671.685030159033,675.1165
"499","WR16.5038",586.1932,565.176933796018,586.1932
"500","WR16.5039",582.3662,568.355507800624,582.3662
"501","WR16.5043",659.6404,662.920252333747,659.6404
"502","WR16.5046",911.2679,885.35869678693,911.2679
"503","WR16.5047",797.1684,794.919114239727,797.1684
"504","WR16.5048",750.6165,753.857945525078,750.6165
"505","WR16.5049",585.8494,606.360101006376,585.8494
"506","WR16.5050",617.939,619.522646220687,617.939
"507","WR16.5051",664.1172,654.479036666545,664.1172
"508","WR16.5052",571.8079,622.276499326477,571.8079
"509","WR16.5055",648.3989,629.919936003456,648.3989
"510","WR16.5056",611.7062,571.828969187748,611.7062
"511","WR16.5057",622.6971,611.253311776783,622.6971
"512","WR16.5058",624.0803,629.769931230963,624.0803
"513","WR16.5062",571.5249,557.671523695805,571.5249
"514","WR16.5063",561.5126,472.615448719237,561.5126
"515","WR16.5064",630.2872,612.520312263805,630.2872
"516","WR16.5067",604.8487,608.42811210545,604.8487
"517","WR16.5068",603.2229,622.242949545464,603.2229
"518","WR16.5069",729.0149,680.497826483137,729.0149
"519","WR16.5070",561.9101,555.341059211185,561.9101
"520","WR16.5073",546.7977,452.729408101608,546.7977
"521","WR16.5074",530.6599,553.088781098862,530.6599
"522","WR16.5075",577.7257,568.467014452567,577.7257
"523","WR16.5079",610.7705,612.179512988659,610.7705
"524","WR16.5080",616.656,610.39708655294,616.656
"525","WR16.5081",606.8038,600.768881920594,606.8038
"526","WR16.5086",594.9576,594.262689307584,594.9576
"527","WR16.5088",624.1037,589.786865204266,624.1037
"528","WR16.5090",608.3491,598.269025299604,608.3491
"529","WR16.5092",558.5693,561.757736275244,558.5693
"530","WR16.5093",539.6672,536.811747165805,539.6672
"531","WR16.5097",586.6955,565.260351554335,586.6955
"532","WR16.5098",926.5641,915.775141385646,926.5641
"533","WR16.5100",852.7712,884.545107299883,852.7712
"534","WR16.5103",608.9435,609.360711724085,608.9435
"535","WR16.5105",594.9675,588.727533712385,594.9675
"536","WR16.5108",598.9003,604.642480763646,598.9003
"537","WR16.5111",634.9201,672.074972706995,634.9201
"538","WR16.5113",663.908,657.091317826063,663.908
"539","WR16.5117",506.5772,473.83064499002,506.5772
"540","WR16.5120",560.5887,558.468915187556,560.5887
"541","WR16.5122",584.2804,568.268128857301,584.2804
"542","WR16.5124",577.0022,579.638956653657,577.0022
"543","WR16.5125",598.9859,562.069806435147,598.9859
"544","WR16.5129",582.7969,563.027796051768,582.7969
"545","WR16.7001",717.1847,725.722364013823,717.1847
"546","WR16.7003",759.1576,757.105455727206,759.1576
"547","WR16.7004",596.8953,581.752708500147,596.8953
"548","WR16.7005",606.2988,608.485841725084,606.2988
"549","WR16.7008",583.8327,586.351117849448,583.8327
"550","WR16.7010",645.2053,666.846833486606,645.2053
"551","WR16.7011",669.2086,605.897375396932,669.2086
"552","WR16.7012",665.7266,656.72426106187,665.7266
"553","WR16.7013",553.7498,559.644223891997,553.7498
"554","WR16.7015",649.7096,665.226514263658,649.7096
"555","WR16.7016",693.7787,672.835295937787,693.7787
"556","WR16.7017",886.5695,936.943438550231,886.5695
"557","WR16.7018",647.9526,649.220579844133,647.9526
"558","WR16.7021",581.8576,594.868056333715,581.8576
"559","WR16.7022",614.23,602.868751372334,614.23
"560","WR16.7023",622.7894,615.595574161535,622.7894
"561","WR16.7025",559.9533,538.736251924929,559.9533
"562","WR16.7026",728.7278,NA,728.7278
"563","WR16.7028",612.2282,597.407935734004,612.2282
"564","WR16.7029",612.4096,604.724608494912,612.4096
"565","WR16.7030",594.3377,590.313433397112,594.3377
"566","WR16.7034",686.6518,655.364652690628,686.6518
"567","WR16.7036",638.2516,607.930609443596,638.2516
"568","WR16.7039",655.2533,649.852944415938,655.2533
"569","WR16.7041",530.1156,526.989186437671,530.1156
"570","WR16.7042",643.6029,650.551712541439,643.6029
"571","WR16.7044",558.9468,697.883669031568,697.883669031568
"572","WR16.7048",659.5306,651.85511207594,659.5306
"573","WR16.7049",569.4674,560.941445403542,569.4674
"574","WR16.7050",635.8654,617.629229721036,635.8654
"575","WR16.7054",615.2996,623.838329106253,615.2996
"576","WR16.7055",590.78,564.92801610012,590.78
"577","WR16.7056",557.3942,544.662338343056,557.3942
"578","WR16.7058",686.5482,714.091163454568,686.5482
"579","WR16.7061",586.5698,591.249447116846,586.5698
"580","WR16.7063",559.9039,532.093738644929,559.9039
"581","WR16.7067",838.6458,886.306083748157,838.6458
"582","WR16.7068",576.5812,578.52776269097,576.5812
"583","WR16.7069",765.6094,746.343037389381,765.6094
"584","WR16.7070",552.3765,612.152551811543,552.3765
"585","WR16.7071",597.8013,588.276946093128,597.8013
"586","WR16.7074",636.9636,610.828421603233,636.9636
"587","WR16.7075",569.2477,583.098923753643,569.2477
"588","WR16.7080",594.5372,585.532193995053,594.5372
"589","WR16.7081",565.4497,549.187650020316,565.4497
"590","WR16.7082",582.6974,583.877512643394,582.6974
"591","WR16.7083",608.0922,608.776777263615,608.0922
"592","WR16.7085",543.3493,561.480727857481,543.3493
"593","WR16.7087",551.5444,553.586135977018,551.5444
"594","WR16.7089",685.7938,654.506440752595,685.7938
"595","WR16.7091",518.2454,525.286494201002,518.2454
"596","WR16.7095",663.6961,659.749263206683,663.6961
"597","WR16.7097",603.8858,600.473138014648,603.8858
"598","WR16.7099",522.6105,528.195291668218,522.6105
"599","WR16.7101",622.0598,493.97878625432,622.0598
"600","WR16.7102",661.8664,662.912011882431,661.8664
"601","WR16.7103",634.1027,643.987478764319,634.1027
"602","WR16.7104",547.7992,513.768269509917,547.7992
"603","WR16.7106",589.1988,559.439468644786,589.1988
"604","WR16.7107",638.9969,617.221812952007,638.9969
"605","WR16.7108",566.7846,552.079886395355,566.7846
"606","WR16.7109",548.2797,543.356062602292,548.2797
"607","WR16.7110",577.2839,571.747578734734,577.2839
"608","WR16.7111",919.0184,962.155107885487,962.155107885487
"609","WR16.7112",891.2251,868.13256315899,891.2251
"610","WR16.7115",933.4385,982.180934387585,933.4385
"611","WR16.7117",613.2685,601.111578649777,613.2685
"612","WR16.7118",518.1191,516.977043025597,518.1191
"613","WR16.7119",705.7084,690.491045501274,705.7084
"614","WR16.7120",612.3176,614.005257579521,612.3176
"615","WR16.80024",638.2245,634.892038536445,638.2245
"616","WR16.80025",628.1668,620.917535579985,628.1668
"617","WR16.80032",558.8184,560.29489369547,558.8184
"618","WR16.80036",615.416,610.991959508865,615.416
"619","WR16.80040",741.5907,735.716606893368,741.5907
"620","WR16.80048",600.0086,588.466561041021,600.0086
"621","WR16.80049",652.6895,639.644427821239,652.6895
"622","WR16.80050",654.1757,648.969291951049,654.1757
"623","WR16.80051",708.3119,715.658275886932,708.3119
"624","WR16.80053",516.797,507.562096886747,516.797
"625","WR16.80055",610.3689,594.187366136338,610.3689
"626","WR16.80056",603.9908,570.916856532546,603.9908
"627","WR16.80058",545.5655,510.682769994374,545.5655
"628","WR16.80059",658.911,638.666522268384,658.911
"629","WR16.80062",565.3653,604.514148261251,565.3653
"630","WR16.80095",577.6568,575.003896238841,577.6568
"631","WR16.80104",608.8621,616.203034615596,608.8621
"632","WR16.80123",541.7021,514.91473274672,541.7021
"633","WR16.80157",632.9132,627.822898324817,632.9132
"634","WR16.80220",593.5894,596.585557918387,593.5894
"635","WR16.80458",553.1426,552.055207561521,553.1426
"636","WR16.80500",462.4557,630.644118245286,630.644118245286
"637","WR17.5006",694.079,672.803895427704,694.079
"638","WR17.5009",745.6399,727.594538964035,745.6399
"639","WR17.5028",551.147,598.362819188693,551.147
"640","WR17.5061",712.9904,702.615228051617,712.9904
"641","WR17.7001",606.102,593.611958062463,606.102
"642","WR17.7002",630.7818,519.842756111607,630.7818
"643","WR17.7005",506.3555,498.827372239471,506.3555
"644","WR17.7021",423.6966,623.074886630886,623.074886630886
"645","WR17.7027",718.6501,664.919159592099,718.6501
"646","WR17.7051",525.6748,650.604487000807,650.604487000807
"647","WR17.80036",583.8421,600.715537547537,583.8421
"648","WR17.80068",611.5383,602.448283072482,611.5383
"649","WR17.80170",566.152,592.700267543074,566.152
"650","WR17.80235",646.6159,628.790886790817,646.6159
"651","WR17.80408",626.7188,646.730241456549,626.7188
"652","WR07-06",688.926,666.114893617021,688.926
"653","WR08-23",611.2837,720.373638325158,611.2837
"654","WR09-50",491.1592,638.913606542827,638.913606542827
"655","WR09-55",584.9606,590.652164531474,584.9606
"656","WR09-66",654.3976,636.637627310658,654.3976
"657","WR15-5011",630.8112,602.702000310318,630.8112
"658","WR15-5075",651.6644,660.043702349932,651.6644
"659","WR15-5207",673.531,618.153862450285,673.531
"660","WR15-5211",590.9602,605.02897633102,590.9602
"661","WR15-5226",573.0047,596.248130088591,573.0047
"662","WR15-5366",511.6779,499.986490928865,511.6779
"663","WR15-5412",695.7226,680.547698777988,695.7226
"664","WR15-7015",700.6531,687.934967906554,700.6531
"665","WR15-7019",595.0109,571.292702475376,595.0109
"666","WR15-7069",633.7901,630.723149763109,633.7901
"667","WR15-7352",589.4448,586.486258291731,589.4448
"668","WR15-80458",685.024,689.45208247603,685.024
"669","WR15-80671",556.9704,598.127703478197,556.9704
"670","WR17.5001",597.8381,694.022802574371,597.8381
"671","WR17.5016",679.6689,671.059637190557,679.6689
"672","WR17.5048",599.4708,599.088802980565,599.4708
"673","WR17.5054",503.7688,733.554375884592,700
"674","WR17.7011",432.3908,604.026122337676,604.026122337676
"675","WR17.7012",655.5343,660.423981141985,655.5343
"676","WR17.80054",594.2615,591.199667480357,594.2615
"677","WR17.80181",477.09,723.086419066055,723.086419066055
"678","WR17.80279",591.0272,586.529648067157,591.0272
"679","WR17.80393",643.5007,614.682283778874,643.5007
"680","WR16.5042",694.394,681.649486129722,694.394
"681","WR16.5060",531.1087,562.675689781298,531.1087
"682","WR16.5087",615.3854,608.902223902519,615.3854
"683","WR16.5099",902.1697,908.55404470043,902.1697
"684","WR16.5131",616.203,612.663767499374,616.203
"685","WR16.7077",538.5922,541.492139745007,538.5922
"686","WR16.7079",603.0075,588.185156809932,603.0075
"687","WR16.7092",471.944,464.909605577845,471.944
"688","WR16.7100",649.337,638.238486930826,649.337
"689","WR16.80060",690.7211,691.038164936247,690.7211
"690","WR16.80061",736.5714,750.753850824939,736.5714
"691","WR15-80238",652.1803,700.001793892525,652.1803
"692","WR15-80240",624.2626,627.45868963851,624.2626
"693","WR16.7105",835.0711,834.869293056215,835.0711
"694","WR16.5010",623.5444,604.505050375336,623.5444
"695","WR16.5065",541.5267,546.712789057237,541.5267
"696","WR16.5126",588.1232,580.280503413157,588.1232
"697","WR16.7020",578.7822,562.575726416384,578.7822
"698","WR16.7051",613.733,610.054651614714,613.733
"699","WR16.7057",631.9791,638.583995407003,631.9791
"700","WR16.7060",601.7808,658.023501011667,601.7808
"701","WR16.80054",613.9651,600.684755086341,613.9651
"702","WR16.80063",680.702,667.719043650956,680.702
"703","WR17.5034",594.281,620.161793904224,594.281
"704","WR17.7003",553.8004,548.020532501825,553.8004
"705","WR16.5118",584.1627,596.995474737123,584.1627
