"Sample_ID","FWDist_8786","FWDist_SrV","FWExit_dist"
"WR07-01",707.121817391302,717.938256708861,707.121817391302
"WR07-02",582.071538812794,772.907285714285,772.907285714285
"WR07-03",586.650717703364,624.514285714286,586.650717703364
"WR07-04",725.024363937142,949.988828837209,949.988828837209
"WR07-05",646.088795180724,655.066672727273,646.088795180724
"WR07-07",539.046179104502,633.942145307502,539.046179104502
"WR07-08",640.347394540935,622.114285714286,640.347394540935
"WR07-09",699.425493716342,719.533333333333,699.425493716342
"WR07-10",691.943870577292,707.136935,691.943870577292
"WR07-11",630.094877162635,649.006830526316,630.094877162635
"WR07-12",677.12078071334,677.323382089552,677.12078071334
"WR07-13",701.666060522151,668.42398440678,701.666060522151
"WR07-14",642.750480546791,664.774075,642.750480546791
"WR07-15",484.362278260869,608.63348,608.63348
"WR07-16",526.866973782771,525.890052918803,526.866973782771
"WR07-17",620.215013801757,616.68951434,620.215013801757
"WR07-18",579.853577644413,572.754799578947,579.853577644413
"WR07-19",735.852746987955,728.15552,735.852746987955
"WR07-20",580.844859813085,572.412121212121,580.844859813085
"WR07-21",370.033344630976,565.430186086956,565.430186086956
"WR07-23",541.317732829673,526.996998965517,541.317732829673
"WR07-24",633.218918150684,634.17894,633.218918150684
"WR07-25",627.443789473677,652.867037735849,627.443789473677
"WR07-26",588.757821368006,565.168044102564,588.757821368006
"WR07-27",687.29009177431,671.043663924444,687.29009177431
"WR07-28",597.913849472676,579.408307317073,597.913849472676
"WR07-29",676.546841546626,678.821757714286,676.546841546626
"WR07-30",585.956043956066,566.536134453782,585.956043956066
"WR08-01",363.887078794899,624.199523809524,624.199523809524
"WR08-03",621.098072619245,687.011333333333,621.098072619245
"WR08-04",680.470802711861,718.969072164948,680.470802711861
"WR08-05",690.202682233874,665.026232175073,690.202682233874
"WR08-06",615.51607530937,712.276250377702,615.51607530937
"WR08-07",391.108367063507,617.107313965836,617.107313965836
"WR08-08",679.970489974305,692.963848984786,679.970489974305
"WR08-09",607.803762490468,604.946819623171,604.946819623171
"WR08-10",646.023420874903,640.783701421628,646.023420874903
"WR08-11",618.426203105944,636.598296722908,618.426203105944
"WR08-12",651.340739120951,609.168353915169,651.340739120951
"WR08-13",502.878345218203,574.542694252336,502.878345218203
"WR08-14",648.662478779192,670.762881322137,648.662478779192
"WR08-15",483.586872393778,643.992145260059,643.992145260059
"WR08-16",568.025287512646,581.385328365999,568.025287512646
"WR08-17",582.73020956507,605.037396370748,582.73020956507
"WR08-18",489.716949689415,710.530011217125,710.530011217125
"WR08-19",527.741554219847,648.986944397739,648.986944397739
"WR08-20",632.973549203391,635.687396828416,632.973549203391
"WR08-21",746.499996187824,743.895405949267,746.499996187824
"WR08-22",571.408741735344,367.30009342443,571.408741735344
"WR08-24",615.734096357373,644.689971198901,615.734096357373
"WR08-25",638.424165175995,676.394904479786,638.424165175995
"WR08-26",599.364637460805,591.875023014101,599.364637460805
"WR08-27",533.587790127111,514.191612903226,533.587790127111
"WR08-28",571.528917397558,607.216859504132,571.528917397558
"WR08-29",633.829512332341,636.347628420542,633.829512332341
"WR08-30",679.996870728039,706.857313432836,679.996870728039
"WR08-31",697.901172091199,697.5775,697.901172091199
"WR08-32",561.603838882529,556.965124000057,561.603838882529
"WR08-33",738.049885530398,740.580702265599,738.049885530398
"WR08-34",687.351653269161,676.620599263375,687.351653269161
"WR08-35",668.412613791759,708.59323707796,668.412613791759
"WR08-36",704.974080613367,484.219304196329,704.974080613367
"WR08-37",663.813828035327,680.022729095304,663.813828035327
"WR08-39",577.225297641915,613.483081633111,577.225297641915
"WR08-40",634.365295080814,681.419350198953,634.365295080814
"WR08-41",696.328179038817,581.36,696.328179038817
"WR08-42",401.085408122053,685.92340820778,685.92340820778
"WR08-43",406.608634836939,651.471538461538,651.471538461538
"WR08-44",556.716717785928,648.702882447778,556.716717785928
"WR08-45",553.628610594564,563.51955601015,553.628610594564
"WR08-46",603.954288082925,598.240811325237,603.954288082925
"WR08-47",342.574693765248,662.759182679467,662.759182679467
"WR08-48",727.070354137908,734.167939646542,727.070354137908
"WR08-49",671.254973452842,689.540516756218,671.254973452842
"WR08-50",657.246044414846,NA,657.246044414846
"WR08-51",575.925371854883,541.913168597259,575.925371854883
"WR08-52",430.654938939982,777.124506139639,777.124506139639
"WR08-53",539.615221612916,533.403693873717,539.615221612916
"WR08-54",609.068725020057,585.279111111111,609.068725020057
"WR08-55",693.780805960958,669.932706136575,693.780805960958
"WR08-56",668.410540315104,NA,668.410540315104
"WR08-57",614.981664915278,615.474673086863,614.981664915278
"WR08-58",777.031422120157,799.193882594737,777.031422120157
"WR08-60",585.9026759509,595.847199651029,585.9026759509
"WR08-62",715.218317085029,812.938462914122,715.218317085029
"WR08-63",647.978279027502,523.880715554541,647.978279027502
"WR08-64",610.233196501877,595.543333333333,610.233196501877
"WR08-65",508.904749906578,656.038861960553,656.038861960553
"WR08-66",588.508919822121,597.056170212766,588.508919822121
"WR08-67",564.758872610561,583.588679245283,564.758872610561
"WR08-68",641.91578574845,656.475599197006,641.91578574845
"WR08-69",623.870832378532,659.251134116218,623.870832378532
"WR08-70",398.419393763939,609.857182426271,609.857182426271
"WR08-71",570.618538110393,591.649278782164,570.618538110393
"WR08-72",647.076351892953,654.315974280365,647.076351892953
"WR08-73",423.093105886817,565.624418563338,565.624418563338
"WR08-74",576.663555804305,592.621338307366,576.663555804305
"WR08-75",708.719102752671,731.306809073677,708.719102752671
"WR08-76",407.150710106451,623.723186769906,407.150710106451
"WR08-77",680.847718963105,659.352194932714,680.847718963105
"WR08-78",595.801385737468,630.502226011031,595.801385737468
"WR08-79",409.276092792667,626.234347433063,626.234347433063
"WR08-80",412.408909829481,726.878675374663,726.878675374663
"WR08-81",605.399461378322,659.293128612404,605.399461378322
"WR08-82",373.528067137142,615.323525545952,615.323525545952
"WR08-83",750.769861159617,744.486673342279,750.769861159617
"WR08-84",603.285617881653,619.013006993007,603.285617881653
"WR08-86",689.336028914015,672.649503370019,689.336028914015
"WR08-87",615.523637571157,623.538869557837,615.523637571157
"WR08-88",614.763845900336,600.946011127696,614.763845900336
"WR08-89",614.687153402398,675.146055268721,614.687153402398
"WR08-90",486.939967933695,684.1703160612,684.1703160612
"WR08-91",460.185164638098,657.549433962264,657.549433962264
"WR08-93",471.576746405257,765.890470339015,720
"WR08-94",623.832791475037,631.830830121027,623.832791475037
"WR08-95",644.623436521193,676.372322159971,644.623436521193
"WR08-96",539.702014219856,450.870845290471,539.702014219856
"WR09-01",441.081765789528,705.845586141433,705.845586141433
"WR09-02",664.283539530148,660.871132732384,664.283539530148
"WR09-03",700.814872408482,678.718391098456,700.814872408482
"WR09-04",590.427342139228,528.509679854561,590.427342139228
"WR09-05",521.591744765301,565.088169009078,521.591744765301
"WR09-06",528.92015089571,520.498895035097,528.92015089571
"WR09-07",641.964100197063,622.421027900856,641.964100197063
"WR09-08",638.705136807897,641.170571094101,638.705136807897
"WR09-09",673.441621606718,669.214145466115,673.441621606718
"WR09-10",371.243776006733,577.332837178067,577.332837178067
"WR09-11",552.37923142305,558.450011996269,552.37923142305
"WR09-12",647.092791649256,645.884199857947,647.092791649256
"WR09-13",633.204731969854,593.780160573291,633.204731969854
"WR09-14",589.324128378168,651.984514599108,589.324128378168
"WR09-15",629.661224940872,620.512190749725,629.661224940872
"WR09-16",624.380741818335,652.872335760482,624.380741818335
"WR09-17",597.584940705019,591.899473652997,597.584940705019
"WR09-18",560.050058034636,580.327699026775,560.050058034636
"WR09-19",578.652094939385,561.961860546605,578.652094939385
"WR09-20",587.689485269566,584.371697776679,587.689485269566
"WR09-21",617.1467376858,612.267103164985,617.1467376858
"WR09-22",421.416175622659,606.122212239621,606.122212239621
"WR09-23",557.824439711239,448.804093604809,557.824439711239
"WR09-24",598.729205766387,460.130728251091,598.729205766387
"WR09-27",678.761484836561,659.208229998097,678.761484836561
"WR09-28",612.806477546006,627.064232398281,612.806477546006
"WR09-29",616.217634524481,632.321555989735,616.217634524481
"WR09-30",464.707284825792,620.995716454749,620.995716454749
"WR09-31",633.317155712812,638.836555807612,633.317155712812
"WR09-32",611.014744758457,594.971903004205,611.014744758457
"WR09-33",655.916114064081,641.072476197652,655.916114064081
"WR09-34",584.637603676809,594.481656695905,584.637603676809
"WR09-35",529.697112234739,610.986488918832,529.697112234739
"WR09-36",547.344804462544,522.295679496716,547.344804462544
"WR09-37",515.066438799271,537.800374882508,515.066438799271
"WR09-38",665.286708451706,634.375897278225,665.286708451706
"WR09-39",601.066401483411,615.967027517371,601.066401483411
"WR09-40",591.125039638424,622.308049196451,591.125039638424
"WR09-41",608.824833548342,608.174316879911,608.824833548342
"WR09-42",596.737133099807,600.352964645781,596.737133099807
"WR09-43",608.53301696742,637.079941508547,608.53301696742
"WR09-44",623.616188169048,635.387408523394,623.616188169048
"WR09-45",381.76696403695,609.129840345807,609.129840345807
"WR09-46",570.415253568834,547.475426688276,570.415253568834
"WR09-47",533.221164438961,524.733526003178,533.221164438961
"WR09-48",564.177597394897,562.690520936372,564.177597394897
"WR09-49",613.73940253627,602.012385707177,613.73940253627
"WR09-51",596.815269996583,629.090823905088,596.815269996583
"WR09-52",571.750670019926,561.002436991649,571.750670019926
"WR09-54",643.528875929955,664.696618080825,643.528875929955
"WR09-56",328.681773383089,630.191268161224,630.191268161224
"WR09-57",598.236234783115,632.892421853832,598.236234783115
"WR09-58",587.358498162979,608.568037182802,587.358498162979
"WR09-59",628.204482105033,591.47833605563,628.204482105033
"WR09-60",552.91234343315,554.692040993084,552.91234343315
"WR09-63",383.803681924703,640.680444650185,640.680444650185
"WR09-64",419.657538582713,644.415899497712,644.415899497712
"WR09-65",620.824998961867,611.419059699017,620.824998961867
"WR09-67",570.981979900906,593.020032953506,593.020032953506
"WR09-68",440.122712424094,631.689512898486,631.689512898486
"WR09-69",629.357282928426,661.852048544647,629.357282928426
"WR09-70",491.786844764325,608.16788285361,608.16788285361
"WR09-71",676.786278845899,674.795908681024,676.786278845899
"WR09-72",714.155628873727,688.434051852521,714.155628873727
"WR15-5003",691.290183388966,709.28802447473,691.290183388966
"WR15-5004",604.733047988655,573.250430995646,604.733047988655
"WR15-5006",754.924216082662,722.214732419409,754.924216082662
"WR15-5007",649.059350957475,662.727600984907,649.059350957475
"WR15-5008",615.814372295657,629.793884523744,615.814372295657
"WR15-5015",465.689806704902,653.277348662094,600
"WR15-5016",652.114573846524,687.968911530147,652.114573846524
"WR15-5019",620.5627483766,604.509407754368,620.5627483766
"WR15-5021",590.058827994382,748.374471277221,748.374471277221
"WR15-5023",602.586302405954,579.36119078432,602.586302405954
"WR15-5025",585.245731496987,563.005830238713,585.245731496987
"WR15-5027",714.453954985795,713.187287264491,714.453954985795
"WR15-5028",645.443536533392,621.991795954314,645.443536533392
"WR15-5029",736.066503706639,NA,736.066503706639
"WR15-5030",642.60753666643,629.453406677954,629.453406677954
"WR15-5038",681.634242824905,664.968878687936,681.634242824905
"WR15-5040",647.881397325727,664.697846941534,647.881397325727
"WR15-5046",500.324572041565,622.514693152972,500.324572041565
"WR15-5048",613.718642508742,595.819326067668,613.718642508742
"WR15-5054",600.32599885494,592.252345206349,600.32599885494
"WR15-5060",709.715349464444,692.396375724547,709.715349464444
"WR15-5064",618.986265996187,598.139527626994,618.986265996187
"WR15-5064B",557.887276106738,547.517649460181,557.887276106738
"WR15-5065",684.122278768327,673.275129110654,684.122278768327
"WR15-5069",627.627272738115,592.394202629557,627.627272738115
"WR15-5071",642.253185436575,691.086859030056,642.253185436575
"WR15-5079",680.675796127505,463.490023991552,680.675796127505
"WR15-5085",537.906678063751,513.922255595738,537.906678063751
"WR15-5089",791.644501036957,810.220411719356,791.644501036957
"WR15-5098",678.119384856884,668.629442175955,678.119384856884
"WR15-5105",617.444331959519,593.60474869191,617.444331959519
"WR15-5108",663.379093041475,654.072971995174,663.379093041475
"WR15-5111",543.406682936247,574.050832262211,543.406682936247
"WR15-5115",593.771458069548,560.470382192361,593.771458069548
"WR15-5124",651.40005277992,631.760426867649,651.40005277992
"WR15-5127",610.845111077258,599.678898332034,610.845111077258
"WR15-5130",545.699026539209,520.919648730414,545.699026539209
"WR15-5134",652.07620981627,641.203909311891,652.07620981627
"WR15-5137",557.261525911541,579.193189635859,579.193189635859
"WR15-5141",536.919510581709,510.982836301687,536.919510581709
"WR15-5142",569.072736417385,561.372806353767,569.072736417385
"WR15-5151",594.154387924496,557.247348532441,594.154387924496
"WR15-5154",613.691587123827,617.048157944597,613.691587123827
"WR15-5157",578.110431156336,579.294429914347,578.110431156336
"WR15-5157B",654.238740095367,680.542962089073,654.238740095367
"WR15-5163",587.603610129227,618.562283116187,587.603610129227
"WR15-5167",615.573396107697,588.375325863344,615.573396107697
"WR15-5171",615.977426770645,610.948729478476,615.977426770645
"WR15-5178",646.910144787182,641.606155621302,641.606155621302
"WR15-5182",591.861835222719,568.933085114249,591.861835222719
"WR15-5193",612.878499977051,585.649777459906,612.878499977051
"WR15-5196",383.93312023967,739.76435770761,700
"WR15-5199",509.346862214577,527.582441742458,509.346862214577
"WR15-5213",601.010770744964,583.974716189433,601.010770744964
"WR15-5216",585.848544102064,581.920031144202,585.848544102064
"WR15-5220",484.41258311912,461.894528977337,484.41258311912
"WR15-5223",NA,NA,679.278
"WR15-5233",571.256475793822,560.307322884008,571.256475793822
"WR15-5242",628.37088989545,606.476400062803,628.37088989545
"WR15-5254",627.054831718586,642.282285508986,627.054831718586
"WR15-5261",334.405697213109,600.29278435871,600.29278435871
"WR15-5265",585.712963869613,588.964804590486,585.712963869613
"WR15-5268",653.112978827754,501.864618856897,653.112978827754
"WR15-5271",549.470294965809,552.872404650663,549.470294965809
"WR15-5271B",631.812496888717,676.524747618267,631.812496888717
"WR15-5273",593.941713584969,596.243383868045,596.243383868045
"WR15-5283",669.380211279851,705.035049548415,669.380211279851
"WR15-5288",725.932194927485,716.73526454263,725.932194927485
"WR15-5292",620.658546073304,632.74554,620.658546073304
"WR15-5296",705.538797114459,706.699447038901,705.538797114459
"WR15-5299",557.373691017212,553.016808939813,557.373691017212
"WR15-5302",641.43720588728,618.697479038759,641.43720588728
"WR15-5303",611.056163071339,619.224884010484,611.056163071339
"WR15-5309",565.170517485549,577.228857437861,565.170517485549
"WR15-5312",616.299856242766,605.71830919951,616.299856242766
"WR15-5317",599.835228509608,634.847103796313,599.835228509608
"WR15-5321",620.510570115472,591.370979323071,620.510570115472
"WR15-5325",592.02568334611,589.080508334956,592.02568334611
"WR15-5329",608.824868691669,592.558388449057,608.824868691669
"WR15-5338",555.700580736151,534.239289058536,555.700580736151
"WR15-5346",685.159773187868,665.155038927358,685.159773187868
"WR15-5350",594.719072458878,550.288700713163,594.719072458878
"WR15-5353",497.729617196659,499.197187424274,497.729617196659
"WR15-5356",620.249784107998,594.012127779276,620.249784107998
"WR15-5359",606.842683257797,583.62447752869,606.842683257797
"WR15-5362",559.341362697001,541.475356762735,559.341362697001
"WR15-5369",574.162726592727,585.21750536359,574.162726592727
"WR15-5374",619.627076191551,655.131341706194,619.627076191551
"WR15-5376",571.407247607054,549.297834820092,571.407247607054
"WR15-5379",578.244954100211,599.108198090399,578.244954100211
"WR15-5383",631.611957442323,622.347483482616,631.611957442323
"WR15-5389",620.245741534585,608.972388412153,620.245741534585
"WR15-5395",616.498961810319,673.842440457436,616.498961810319
"WR15-5400",576.964929045107,570.978126510762,576.964929045107
"WR15-5408",553.005518613685,589.096626695929,553.005518613685
"WR15-5417",581.305880861157,562.516052730486,581.305880861157
"WR15-7003",689.541634914491,689.894683716427,689.541634914491
"WR15-7004",690.286916551799,675.268574722606,690.286916551799
"WR15-7005",664.01073687847,680.818700474943,664.01073687847
"WR15-7007",620.700616319336,589.528444995487,620.700616319336
"WR15-7013",678.257496415747,668.513721071959,678.257496415747
"WR15-7016",633.144384996034,654.56427145189,633.144384996034
"WR15-7021",825.05087733017,811.233070189461,825.05087733017
"WR15-7022",675.686572644614,667.87788349313,675.686572644614
"WR15-7025",742.207071549781,NA,742.207071549781
"WR15-7027",574.435262947974,578.887038470835,578.887038470835
"WR15-7028",648.040043448738,654.215033708293,648.040043448738
"WR15-7031",695.142776230889,690.355659299738,695.142776230889
"WR15-7031B",480.843576361091,615.775629163796,480.843576361091
"WR15-7032",578.378834809846,574.886858494431,578.378834809846
"WR15-7037",544.719616117305,525.607872044497,544.719616117305
"WR15-7044",628.80619644648,595.757764570758,628.80619644648
"WR15-7047",677.68057598415,747.089943032261,677.68057598415
"WR15-7051",645.869065836159,617.413489906438,645.869065836159
"WR15-7053",681.849745605799,650.977440732753,681.849745605799
"WR15-7054",626.570383172522,583.793631682917,626.570383172522
"WR15-7059",636.141001854823,646.857399046406,636.141001854823
"WR15-7064",577.35192221246,552.048415263554,577.35192221246
"WR15-7071",584.936238168313,564.130552555714,584.936238168313
"WR15-7074",689.370167917574,694.306507764092,689.370167917574
"WR15-7081",706.315337772703,672.974352438904,706.315337772703
"WR15-7086",647.33899802655,626.272470606215,647.33899802655
"WR15-7091",767.689534378543,768.999102980838,767.689534378543
"WR15-7099",613.974051203353,NA,613.974051203353
"WR15-7102",653.578763888627,659.21480889451,653.578763888627
"WR15-7107",698.398877709014,714.27664561317,698.398877709014
"WR15-7110",632.871772439692,454.672643556593,632.871772439692
"WR15-7113",578.659410277945,566.833323052031,578.659410277945
"WR15-7116",607.159323908236,591.721459577767,607.159323908236
"WR15-7120",576.159608833801,589.897200853605,576.159608833801
"WR15-7125",626.27230690189,597.701095339154,626.27230690189
"WR15-7129",594.7803942495,594.856913546095,594.7803942495
"WR15-7142",581.955090822792,576.482160812632,581.955090822792
"WR15-7146",583.235919038423,562.202252106728,583.235919038423
"WR15-7150",635.454651797889,649.734540328739,635.454651797889
"WR15-7155",562.343036783124,588.578019960567,562.343036783124
"WR15-7160",650.69948842035,677.835956037952,650.69948842035
"WR15-7166",540.326829617557,574.961234380883,540.326829617557
"WR15-7172",594.50393558653,569.830647452604,594.50393558653
"WR15-7179",643.64793483305,544.549798929227,643.64793483305
"WR15-7187",657.992880709357,653.817899741007,657.992880709357
"WR15-7189",641.007433522082,614.339218531745,641.007433522082
"WR15-7193",626.560015401166,596.267077697198,626.560015401166
"WR15-7198",669.245737745805,662.585440937464,669.245737745805
"WR15-7202",596.545464499652,593.296633846955,596.545464499652
"WR15-7206",637.342784558385,628.978903232907,637.342784558385
"WR15-7207",664.166589936645,518.590127895371,664.166589936645
"WR15-7212",616.122924518178,594.76375360034,616.122924518178
"WR15-7216",565.003795097608,549.756316959985,565.003795097608
"WR15-7239",588.420638028729,590.235148034019,588.420638028729
"WR15-7244",571.404487315223,567.947490544723,571.404487315223
"WR15-7250",570.71965295185,587.966197507369,570.71965295185
"WR15-7254",657.844191054282,615.242087751419,657.844191054282
"WR15-7257",570.712404799171,563.607717424272,570.712404799171
"WR15-7260",627.235476579901,580.367132548109,627.235476579901
"WR15-7262",592.533900615334,571.289440358715,592.533900615334
"WR15-7270",568.301387466089,589.577561610145,568.301387466089
"WR15-7273",616.753005519218,614.341027790701,616.753005519218
"WR15-7282",576.836901592244,550.34602194767,576.836901592244
"WR15-7287",629.903031857426,596.22556618792,629.903031857426
"WR15-7292",601.108589153668,586.099124994601,601.108589153668
"WR15-7295",625.217409480472,642.913026264309,625.217409480472
"WR15-7301",640.676897970017,627.793987820707,640.676897970017
"WR15-7303",576.085907292603,539.527237930002,576.085907292603
"WR15-7306",333.946867320605,640.561582916573,600
"WR15-7306B",706.508397117554,231.529369458385,706.508397117554
"WR15-7308",649.940192063885,659.665425382694,649.940192063885
"WR15-7321",625.483150794636,615.826984201473,625.483150794636
"WR15-7326",649.56458313009,617.710156006439,649.56458313009
"WR15-7332",546.214091535701,500.271957852217,546.214091535701
"WR15-7335",626.240055678667,620.119640765363,626.240055678667
"WR15-7340",530.921768599026,495.564391034908,530.921768599026
"WR15-7343",619.882070659245,608.535353479877,619.882070659245
"WR15-7349",579.266010989915,535.322733300606,579.266010989915
"WR15-7356",582.575045711436,606.04895813308,582.575045711436
"WR15-7362",613.125564189259,644.573852973605,613.125564189259
"WR15-7370",672.007758278267,666.782433354898,672.007758278267
"WR15-7371",556.478469261538,305.913250019847,556.478469261538
"WR15-7373",637.763765057083,638.893463383822,637.763765057083
"WR15-7374",618.625481556843,636.345283613721,618.625481556843
"WR15-7375",661.587063920984,646.848157340829,661.587063920984
"WR15-80117",557.480290599407,532.802451372034,557.480290599407
"WR15-80122",568.992472675385,583.160551798875,568.992472675385
"WR15-80136",615.542712088484,604.829064546318,615.542712088484
"WR15-80137",608.576290578923,600.527812269351,608.576290578923
"WR15-80140",754.59532310611,760.922587041257,754.59532310611
"WR15-80144",829.521927608737,277.906690127875,829.521927608737
"WR15-80145",693.602206677619,689.390095943552,693.602206677619
"WR15-80148",622.393499788515,625.082367002224,622.393499788515
"WR15-80157",642.748629671063,624.75176033679,642.748629671063
"WR15-80160",536.32823833668,701.946907130768,701.946907130768
"WR15-80163",639.468816789045,594.611220753481,639.468816789045
"WR15-80171",710.645293932223,732.045338328737,710.645293932223
"WR15-80181",706.439319435365,653.982421725936,706.439319435365
"WR15-80189",616.939682488057,600.925596228083,616.939682488057
"WR15-80190",574.144790836563,571.697844802588,574.144790836563
"WR15-80192",529.999781357432,523.468562571313,529.999781357432
"WR15-80196",541.276359932286,512.277168345425,541.276359932286
"WR15-80200",474.91305453828,841.356794311562,790
"WR15-80201",652.847585700176,709.898862629259,652.847585700176
"WR15-80203",313.620416996571,591.489041742653,591.489041742653
"WR15-80204",601.833832947745,589.134429347058,601.833832947745
"WR15-80205",650.052187786259,613.706939881044,650.052187786259
"WR15-80206",614.681386570232,620.07395221412,614.681386570232
"WR15-80207",593.262287578656,706.049043829261,593.262287578656
"WR15-80215",646.946100564415,643.887806742279,646.946100564415
"WR15-80217",624.580071582077,649.707822262377,624.580071582077
"WR15-80218",594.675505132323,595.190357186966,594.675505132323
"WR15-80223",605.790431737064,590.987307268419,605.790431737064
"WR15-80224",633.407466481047,595.056031797676,633.407466481047
"WR15-80225",620.972511766517,607.398905026966,620.972511766517
"WR15-80226",603.399856052328,618.095379793109,603.399856052328
"WR15-80227",551.160733481283,570.111056311343,551.160733481283
"WR15-80229",649.226816474144,628.559906100003,649.226816474144
"WR15-80230",618.921539492767,628.828662837807,618.921539492767
"WR15-80232",571.234004683651,551.79067185037,571.234004683651
"WR15-80233",656.177911274048,633.321812439393,656.177911274048
"WR15-80234",389.164338466888,666.615565118362,666.615565118362
"WR15-80237",594.026498617841,604.429212388944,594.026498617841
"WR15-80241",623.010287993106,491.670360126783,623.010287993106
"WR15-80243",419.961541653765,621.956030606749,595
"WR15-80244",367.334703243321,618.132076217887,618.132076217887
"WR15-80246",661.431091195998,623.064950373138,661.431091195998
"WR15-80247",661.890799498025,643.659535403287,661.890799498025
"WR15-80248",593.706433228319,578.598476945326,593.706433228319
"WR15-80249",610.74351789609,566.867326427997,610.74351789609
"WR15-80251",638.403484237929,657.870299258733,638.403484237929
"WR15-80252",590.137344653645,NA,590.137344653645
"WR15-80258",478.755459173808,444.82808511785,478.755459173808
"WR15-80259",657.231522635448,694.287057753686,657.231522635448
"WR15-80261",710.333725239603,703.263881079759,710.333725239603
"WR15-80262",647.849615865416,650.424892430298,647.849615865416
"WR15-80263",629.788192983704,599.004953849191,629.788192983704
"WR15-80264",651.182519627666,638.019505576742,651.182519627666
"WR15-80265",681.356404851387,666.123288663239,681.356404851387
"WR15-80266",675.921849240537,692.871648747902,675.921849240537
"WR15-80268",596.940836308518,580.185801629994,596.940836308518
"WR15-80272",658.018623343156,697.03797752244,658.018623343156
"WR15-80275",585.785138140614,571.412667614306,585.785138140614
"WR15-80276",610.885706535993,645.283267555331,610.885706535993
"WR15-80278",606.22555057295,569.141398748329,606.22555057295
"WR15-80282",639.006771620947,615.438964399984,639.006771620947
"WR15-80283",607.807692540557,590.15583018448,607.807692540557
"WR15-80284",595.916368292434,614.23817948153,614.23817948153
"WR15-80285",612.497610379196,606.105235991493,612.497610379196
"WR15-80286",605.818909352514,603.500049120214,605.818909352514
"WR15-80294",622.772642646947,623.421882713784,622.772642646947
"WR15-80295",539.887145520161,531.062214395626,539.887145520161
"WR15-80297",618.43712217641,629.82484035139,618.43712217641
"WR15-80299",586.408615416301,565.043100284159,586.408615416301
"WR15-80305",657.478399216594,666.757759025504,657.478399216594
"WR15-80310",701.813987745027,701.788289677871,701.813987745027
"WR15-80311",546.063505463153,614.404922971059,546.063505463153
"WR15-80312",623.159318510115,632.467784845653,623.159318510115
"WR15-80315",524.46233186156,640.737259327071,640.737259327071
"WR15-80318",596.72392913347,598.165252715829,596.72392913347
"WR15-80320",696.78174351851,674.539673304118,696.78174351851
"WR15-80324",577.447660174304,584.267982527012,577.447660174304
"WR15-80326",686.309088612434,665.239563673866,686.309088612434
"WR15-80330",622.100057611537,597.386003168189,622.100057611537
"WR15-80332",587.586658890221,583.257003052966,587.586658890221
"WR15-80334",598.190346110532,565.444270752686,598.190346110532
"WR15-80336",739.01415801549,739.398574956239,739.01415801549
"WR15-80337",576.271756578411,614.166829813549,576.271756578411
"WR15-80341",668.511760888316,663.794471414437,668.511760888316
"WR15-80342",599.4583493795,578.786085022847,599.4583493795
"WR15-80359",366.840647685414,668.154626935462,580
"WR15-80364",595.560492462317,569.73835237504,595.560492462317
"WR15-80366",591.341710635836,582.785356427045,591.341710635836
"WR15-80368",348.574180152659,631.800759256874,631.800759256874
"WR15-80375",618.598370053809,573.395615624756,618.598370053809
"WR15-80395",630.390997478067,652.138138876371,630.390997478067
"WR15-80396",322.492782974263,592.997012015584,585
"WR15-80398",592.646341577765,567.970414449699,592.646341577765
"WR15-80400",619.144905613219,606.641865448534,619.144905613219
"WR15-80424",627.205123423159,588.771049998421,627.205123423159
"WR15-80425",567.806722047033,529.482799196953,567.806722047033
"WR15-80427",626.971827114956,700.872810654664,626.971827114956
"WR15-80431",597.13583068566,620.692548651609,597.13583068566
"WR15-80439",678.410482126217,623.651610645558,678.410482126217
"WR15-80470",673.294805523983,646.342987980874,673.294805523983
"WR15-80471",625.352226859348,614.97047763979,625.352226859348
"WR15-80474",623.394591600243,587.390315850431,623.394591600243
"WR15-80475",653.29968786845,630.601440351951,653.29968786845
"WR15-80491",694.549225283867,689.841733360719,694.549225283867
"WR15-80498",599.847888106209,594.297491668144,599.847888106209
"WR15-80509",588.728934685185,569.342296053241,588.728934685185
"WR15-80530",582.185461977595,559.940048233242,582.185461977595
"WR15-80539",613.522913977715,580.558949847567,613.522913977715
"WR15-80611",583.633996899038,583.797402226925,583.633996899038
"WR15-80616",360.471763841626,647.653426147418,560
"WR16.5001",822.098232145836,816.236079023472,822.098232145836
"WR16.5002",786.253769167335,782.574608572654,786.253769167335
"WR16.5003",909.880804935556,880.147901542641,909.880804935556
"WR16.5004",755.031278438317,754.614450313668,755.031278438317
"WR16.5005",505.371993508475,514.672085552803,505.371993508475
"WR16.5006",666.162538744597,693.979941211701,666.162538744597
"WR16.5007",632.636307817424,622.752423829182,632.636307817424
"WR16.5008",581.644430343502,550.496819717242,581.644430343502
"WR16.5011",653.465702000634,653.272446431788,653.465702000634
"WR16.5012",639.347853469259,638.843777206224,639.347853469259
"WR16.5013",905.326134428178,900.562406828831,905.326134428178
"WR16.5014",647.838133009192,630.548582636223,647.838133009192
"WR16.5015",638.290844494208,627.672154078762,638.290844494208
"WR16.5018",621.877613787075,628.676882411329,621.877613787075
"WR16.5019",668.637955567243,647.470329983686,668.637955567243
"WR16.5022",703.145475024652,683.525513190304,703.145475024652
"WR16.5025",615.369127179212,602.202238222672,615.369127179212
"WR16.5026",632.605189364989,618.986123218104,632.605189364989
"WR16.5029",625.671584020198,610.050802001221,625.671584020198
"WR16.5030",858.480640602742,1202.82300733852,858.480640602742
"WR16.5031",591.933530294609,575.270531852832,591.933530294609
"WR16.5032",1018.11807727725,1024.85040470195,1018.11807727725
"WR16.5033",692.420101368743,687.260790640098,692.420101368743
"WR16.5034",677.506744200487,662.910764304609,677.506744200487
"WR16.5036",616.08857090546,589.858346860947,616.08857090546
"WR16.5037",675.116485722187,671.685030159033,675.116485722187
"WR16.5038",586.193212638627,565.176933796018,586.193212638627
"WR16.5039",582.366214536007,568.355507800624,582.366214536007
"WR16.5043",659.640350191508,662.920252333747,659.640350191508
"WR16.5046",911.267901840904,885.35869678693,911.267901840904
"WR16.5047",797.16839957792,794.919114239727,797.16839957792
"WR16.5048",750.616511311206,753.857945525078,750.616511311206
"WR16.5049",585.849446997348,606.360101006376,585.849446997348
"WR16.5050",617.939028101613,619.522646220687,617.939028101613
"WR16.5051",664.117232880048,654.479036666545,664.117232880048
"WR16.5052",571.807946633024,622.276499326477,571.807946633024
"WR16.5055",648.398929035046,629.919936003456,648.398929035046
"WR16.5056",611.706152362171,571.828969187748,611.706152362171
"WR16.5057",622.697120750332,611.253311776783,622.697120750332
"WR16.5058",624.08030009986,629.769931230963,624.08030009986
"WR16.5062",571.524914940468,557.671523695805,571.524914940468
"WR16.5063",561.512626121959,472.615448719237,561.512626121959
"WR16.5064",630.28722937738,612.520312263805,630.28722937738
"WR16.5067",604.848671186866,608.42811210545,604.848671186866
"WR16.5068",603.222924049758,622.242949545464,603.222924049758
"WR16.5069",729.014941247624,680.497826483137,729.014941247624
"WR16.5070",561.91011362583,555.341059211185,561.91011362583
"WR16.5073",546.797651949,452.729408101608,546.797651949
"WR16.5074",530.659948301407,553.088781098862,530.659948301407
"WR16.5075",577.725678177568,568.467014452567,577.725678177568
"WR16.5079",610.770475966572,612.179512988659,610.770475966572
"WR16.5080",616.655989156912,610.39708655294,616.655989156912
"WR16.5081",606.803790280577,600.768881920594,606.803790280577
"WR16.5086",594.957640951141,594.262689307584,594.957640951141
"WR16.5088",624.103717131824,589.786865204266,624.103717131824
"WR16.5090",608.349146095348,598.269025299604,608.349146095348
"WR16.5092",558.569261055136,561.757736275244,558.569261055136
"WR16.5093",539.667188222607,536.811747165805,539.667188222607
"WR16.5097",586.695460232988,565.260351554335,586.695460232988
"WR16.5098",926.564109913619,915.775141385646,926.564109913619
"WR16.5100",852.77118843202,884.545107299883,852.77118843202
"WR16.5103",608.943503379151,609.360711724085,608.943503379151
"WR16.5105",594.96748924104,588.727533712385,594.96748924104
"WR16.5108",598.900256532739,604.642480763646,598.900256532739
"WR16.5111",634.920135136847,672.074972706995,634.920135136847
"WR16.5113",663.907983145988,657.091317826063,663.907983145988
"WR16.5117",506.577166751442,473.83064499002,506.577166751442
"WR16.5120",560.588689905969,558.468915187556,560.588689905969
"WR16.5122",584.280412671826,568.268128857301,584.280412671826
"WR16.5124",577.002231209873,579.638956653657,577.002231209873
"WR16.5125",598.985867575659,562.069806435147,598.985867575659
"WR16.5129",582.796884800635,563.027796051768,582.796884800635
"WR16.7001",717.184700921845,725.722364013823,717.184700921845
"WR16.7003",759.157607750392,757.105455727206,759.157607750392
"WR16.7004",596.895284238983,581.752708500147,596.895284238983
"WR16.7005",606.298770230994,608.485841725084,606.298770230994
"WR16.7008",583.832716627297,586.351117849448,583.832716627297
"WR16.7010",645.205277101231,666.846833486606,645.205277101231
"WR16.7011",669.208581965417,605.897375396932,669.208581965417
"WR16.7012",665.726571550085,656.72426106187,665.726571550085
"WR16.7013",553.749750332248,559.644223891997,553.749750332248
"WR16.7015",649.709605285439,665.226514263658,649.709605285439
"WR16.7016",693.778669972853,672.835295937787,693.778669972853
"WR16.7017",886.569478963217,936.943438550231,886.569478963217
"WR16.7018",647.952616660181,649.220579844133,647.952616660181
"WR16.7021",581.857575201437,594.868056333715,581.857575201437
"WR16.7022",614.22996751708,602.868751372334,614.22996751708
"WR16.7023",622.789387972845,615.595574161535,622.789387972845
"WR16.7025",559.953312596146,538.736251924929,559.953312596146
"WR16.7026",728.727792549573,NA,728.727792549573
"WR16.7028",612.228234124123,597.407935734004,612.228234124123
"WR16.7029",612.409610722876,604.724608494912,612.409610722876
"WR16.7030",594.337677729752,590.313433397112,594.337677729752
"WR16.7034",686.65179736344,655.364652690628,686.65179736344
"WR16.7036",638.251553552687,607.930609443596,638.251553552687
"WR16.7039",655.253310164152,649.852944415938,655.253310164152
"WR16.7041",530.115639391741,526.989186437671,530.115639391741
"WR16.7042",643.602897747045,650.551712541439,643.602897747045
"WR16.7044",558.946849625301,697.883669031568,697.883669031568
"WR16.7048",659.530573831627,651.85511207594,659.530573831627
"WR16.7049",569.467419931407,560.941445403542,569.467419931407
"WR16.7050",635.865423825899,617.629229721036,635.865423825899
"WR16.7054",615.29960623375,623.838329106253,615.29960623375
"WR16.7055",590.779958520636,564.92801610012,590.779958520636
"WR16.7056",557.394176525215,544.662338343056,557.394176525215
"WR16.7058",686.548191804071,714.091163454568,686.548191804071
"WR16.7061",586.56980061974,591.249447116846,586.56980061974
"WR16.7063",559.90388553344,532.093738644929,559.90388553344
"WR16.7067",838.645841583711,886.306083748157,838.645841583711
"WR16.7068",576.581217747351,578.52776269097,576.581217747351
"WR16.7069",765.609380191638,746.343037389381,765.609380191638
"WR16.7070",552.376507319603,612.152551811543,552.376507319603
"WR16.7071",597.801266614495,588.276946093128,597.801266614495
"WR16.7074",636.963580249621,610.828421603233,636.963580249621
"WR16.7075",569.247748747286,583.098923753643,569.247748747286
"WR16.7080",594.537239324934,585.532193995053,594.537239324934
"WR16.7081",565.449686714794,549.187650020316,565.449686714794
"WR16.7082",582.697414991104,583.877512643394,582.697414991104
"WR16.7083",608.092213338285,608.776777263615,608.092213338285
"WR16.7085",543.349286786608,561.480727857481,543.349286786608
"WR16.7087",551.544379655506,553.586135977018,551.544379655506
"WR16.7089",685.793764802693,654.506440752595,685.793764802693
"WR16.7091",518.245392288998,525.286494201002,518.245392288998
"WR16.7095",663.696097643488,659.749263206683,663.696097643488
"WR16.7097",603.885843839839,600.473138014648,603.885843839839
"WR16.7099",522.61046647475,528.195291668218,522.61046647475
"WR16.7101",622.059805463601,493.97878625432,622.059805463601
"WR16.7102",661.866432076302,662.912011882431,661.866432076302
"WR16.7103",634.102698745841,643.987478764319,634.102698745841
"WR16.7104",547.799213530016,513.768269509917,547.799213530016
"WR16.7106",589.198772887115,559.439468644786,589.198772887115
"WR16.7107",638.996947818954,617.221812952007,638.996947818954
"WR16.7108",566.78457793302,552.079886395355,566.78457793302
"WR16.7109",548.279733551046,543.356062602292,548.279733551046
"WR16.7110",577.283867367594,571.747578734734,577.283867367594
"WR16.7111",919.018392075115,962.155107885487,962.155107885487
"WR16.7112",891.225110728845,868.13256315899,891.225110728845
"WR16.7115",933.438539250601,982.180934387585,933.438539250601
"WR16.7117",613.268452038559,601.111578649777,613.268452038559
"WR16.7118",518.119093468234,516.977043025597,518.119093468234
"WR16.7119",705.708440393353,690.491045501274,705.708440393353
"WR16.7120",612.317630883005,614.005257579521,612.317630883005
"WR16.80024",638.224450978454,634.892038536445,638.224450978454
"WR16.80025",628.166800367477,620.917535579985,628.166800367477
"WR16.80032",558.818440951472,560.29489369547,558.818440951472
"WR16.80036",615.416046345654,610.991959508865,615.416046345654
"WR16.80040",741.590725898608,735.716606893368,741.590725898608
"WR16.80048",600.008592635235,588.466561041021,600.008592635235
"WR16.80049",652.689533987799,639.644427821239,652.689533987799
"WR16.80050",654.175687492039,648.969291951049,654.175687492039
"WR16.80051",708.311851822611,715.658275886932,708.311851822611
"WR16.80053",516.79695175427,507.562096886747,516.79695175427
"WR16.80055",610.368851852807,594.187366136338,610.368851852807
"WR16.80056",603.990782641173,570.916856532546,603.990782641173
"WR16.80058",545.565499502583,510.682769994374,545.565499502583
"WR16.80059",658.91098638378,638.666522268384,658.91098638378
"WR16.80062",565.365264515384,604.514148261251,565.365264515384
"WR16.80095",577.656809047301,575.003896238841,577.656809047301
"WR16.80104",608.862141768968,616.203034615596,608.862141768968
"WR16.80123",541.702143686289,514.91473274672,541.702143686289
"WR16.80157",632.913156715673,627.822898324817,632.913156715673
"WR16.80220",593.58936803634,596.585557918387,593.58936803634
"WR16.80458",553.142607873753,552.055207561521,553.142607873753
"WR16.80500",462.455701661052,630.644118245286,630.644118245286
"WR17.5006",694.079016320858,672.803895427704,694.079016320858
"WR17.5009",745.6398998894,727.594538964035,745.6398998894
"WR17.5028",551.147038780306,598.362819188693,551.147038780306
"WR17.5061",712.990376135411,702.615228051617,712.990376135411
"WR17.7001",606.101964512129,593.611958062463,606.101964512129
"WR17.7002",630.781802192134,519.842756111607,630.781802192134
"WR17.7005",506.355486282097,498.827372239471,506.355486282097
"WR17.7021",423.69659617322,623.074886630886,623.074886630886
"WR17.7027",718.650130217225,664.919159592099,718.650130217225
"WR17.7051",525.674828060253,650.604487000807,650.604487000807
"WR17.80036",583.842100433395,600.715537547537,583.842100433395
"WR17.80068",611.538252265087,602.448283072482,611.538252265087
"WR17.80170",566.152000718272,592.700267543074,566.152000718272
"WR17.80235",646.615868023021,628.790886790817,646.615868023021
"WR17.80408",626.718829454356,646.730241456549,626.718829454356
"WR07-06",688.92595925677,666.114893617021,688.92595925677
"WR08-23",611.283673523179,720.373638325158,611.283673523179
"WR09-50",491.159237803242,638.913606542827,638.913606542827
"WR09-55",584.960639715275,590.652164531474,584.960639715275
"WR09-66",654.397563509945,636.637627310658,654.397563509945
"WR15-5011",630.811197853129,602.702000310318,630.811197853129
"WR15-5075",651.664384057856,660.043702349932,651.664384057856
"WR15-5207",673.531025718345,618.153862450285,673.531025718345
"WR15-5211",590.96019171517,605.02897633102,590.96019171517
"WR15-5226",573.004674617343,596.248130088591,573.004674617343
"WR15-5366",511.677884493602,499.986490928865,511.677884493602
"WR15-5412",695.722565206379,680.547698777988,695.722565206379
"WR15-7015",700.653065338016,687.934967906554,700.653065338016
"WR15-7019",595.010901721067,571.292702475376,595.010901721067
"WR15-7069",633.790138630195,630.723149763109,633.790138630195
"WR15-7352",589.444795133957,586.486258291731,589.444795133957
"WR15-80458",685.023995497575,689.45208247603,685.023995497575
"WR15-80671",556.970416284468,598.127703478197,556.970416284468
"WR17.5001",597.838115888298,694.022802574371,597.838115888298
"WR17.5016",679.668901372487,671.059637190557,679.668901372487
"WR17.5048",599.47084250079,599.088802980565,599.47084250079
"WR17.5054",503.76876195283,733.554375884592,700
"WR17.7011",432.390797896885,604.026122337676,604.026122337676
"WR17.7012",655.534293126908,660.423981141985,655.534293126908
"WR17.80054",594.261450752161,591.199667480357,594.261450752161
"WR17.80181",477.090028980627,723.086419066055,723.086419066055
"WR17.80279",591.027213150426,586.529648067157,591.027213150426
"WR17.80393",643.500723529738,614.682283778874,643.500723529738
"WR16.5042",694.393951431422,681.649486129722,694.393951431422
"WR16.5060",531.108664945175,562.675689781298,531.108664945175
"WR16.5087",615.385365279054,608.902223902519,615.385365279054
"WR16.5099",902.169686410418,908.55404470043,902.169686410418
"WR16.5131",616.203047050472,612.663767499374,616.203047050472
"WR16.7077",538.592184799865,541.492139745007,538.592184799865
"WR16.7079",603.007516321626,588.185156809932,603.007516321626
"WR16.7092",471.943983466273,464.909605577845,471.943983466273
"WR16.7100",649.336957374449,638.238486930826,649.336957374449
"WR16.80060",690.721101452604,691.038164936247,690.721101452604
"WR16.80061",736.571403214357,750.753850824939,736.571403214357
"WR15-80238",652.18028907726,700.001793892525,652.18028907726
"WR15-80240",624.262592174806,627.45868963851,624.262592174806
"WR16.7105",835.071139529902,834.869293056215,835.071139529902
"WR16.5010",623.544442883465,604.505050375336,623.544442883465
"WR16.5065",541.526716376088,546.712789057237,541.526716376088
"WR16.5126",588.123206297059,580.280503413157,588.123206297059
"WR16.7020",578.782218651186,562.575726416384,578.782218651186
"WR16.7051",613.732951006818,610.054651614714,613.732951006818
"WR16.7057",631.97910442666,638.583995407003,631.97910442666
"WR16.7060",601.78084043222,658.023501011667,601.78084043222
"WR16.80054",613.965098908249,600.684755086341,613.965098908249
"WR16.80063",680.701982208848,667.719043650956,680.701982208848
"WR17.5034",594.281012844405,620.161793904224,594.281012844405
"WR17.7003",553.800388433916,548.020532501825,553.800388433916
"WR16.5118",584.162664400061,596.995474737123,584.162664400061
