"","Sample_ID","Brood_year","fork_length","las_dist","ame_dist","x_dist","del_dist","rearing_type"
"1","WR07-01",2004,NA,239.4,NA,NA,NA,"LAS"
"2","WR07-02",2004,NA,NA,240,NA,NA,"AME"
"3","WR07-03",2004,NA,NA,NA,NA,180,"DEL"
"4","WR07-04",2004,NA,NA,303.983,NA,NA,"AME"
"5","WR07-05",2004,NA,NA,NA,NA,NA,"SAC"
"6","WR07-06",2004,NA,120,NA,NA,NA,"LAS"
"7","WR07-07",2004,NA,124.772,NA,NA,NA,"LAS"
"8","WR07-08",2004,NA,180,NA,NA,NA,"LAS"
"9","WR07-09",2004,NA,NA,NA,NA,NA,"SAC"
"10","WR07-10",2004,NA,NA,NA,NA,NA,"SAC"
"11","WR07-11",2004,NA,58.497,NA,NA,NA,"LAS"
"12","WR07-12",2004,NA,92.6539999999999,NA,NA,NA,"LAS"
"13","WR07-13",2004,NA,NA,NA,NA,NA,"SAC"
"14","WR07-14",2004,NA,175.331,NA,NA,NA,"LAS"
"15","WR07-15",2004,NA,NA,123.234,NA,NA,"AME"
"16","WR07-16",2004,NA,176.168,NA,NA,NA,"LAS"
"17","WR07-17",2004,NA,146.748,NA,NA,NA,"LAS"
"18","WR07-18",2004,NA,NA,NA,NA,NA,"SAC"
"19","WR07-19",2004,NA,83.35,NA,NA,NA,"LAS"
"20","WR07-20",2004,NA,NA,NA,NA,NA,"SAC"
"21","WR07-21",2004,NA,NA,175.492,NA,NA,"AME"
"22","WR07-23",2004,NA,67.289,NA,NA,NA,"LAS"
"23","WR07-24",2004,NA,NA,NA,NA,NA,"SAC"
"24","WR07-25",2004,NA,NA,NA,NA,129.172,"DEL"
"25","WR07-26",2004,NA,NA,NA,NA,NA,"SAC"
"26","WR07-27",2004,NA,NA,NA,NA,NA,"SAC"
"27","WR07-28",2004,NA,NA,NA,NA,NA,"SAC"
"28","WR07-29",2004,NA,NA,NA,NA,NA,"SAC"
"29","WR07-30",2004,NA,NA,NA,NA,NA,"SAC"
"30","WR08-01",2005,NA,40,281,NA,NA,"LAS"
"31","WR08-03",2005,NA,NA,NA,NA,NA,"SAC"
"32","WR08-04",2005,NA,NA,NA,NA,176,"DEL"
"33","WR08-05",2005,NA,189,NA,NA,NA,"LAS"
"34","WR08-06",2005,NA,NA,NA,NA,159,"DEL"
"35","WR08-07",2005,NA,NA,280,NA,NA,"AME"
"36","WR08-08",2005,NA,105,NA,NA,NA,"LAS"
"37","WR08-09",2005,NA,NA,74,NA,NA,"AME"
"38","WR08-10",2005,NA,NA,NA,NA,NA,"SAC"
"39","WR08-11",2005,NA,NA,NA,NA,215,"DEL"
"40","WR08-12",2005,NA,NA,NA,NA,NA,"SAC"
"41","WR08-13",2005,NA,NA,NA,NA,221,"DEL"
"42","WR08-14",2005,NA,NA,NA,NA,210,"DEL"
"43","WR08-15",2005,NA,NA,156,NA,NA,"AME"
"44","WR08-16",2005,NA,NA,NA,NA,NA,"SAC"
"45","WR08-17",2005,NA,NA,NA,NA,NA,"SAC"
"46","WR08-18",2005,NA,NA,272,NA,NA,"AME"
"47","WR08-19",2005,NA,NA,197,NA,NA,"AME"
"48","WR08-20",2005,NA,NA,NA,NA,NA,"SAC"
"49","WR08-21",2005,NA,276,NA,NA,NA,"LAS"
"50","WR08-22",2005,NA,92.75,NA,NA,NA,"LAS"
"51","WR08-23",2005,NA,NA,96,NA,NA,"AME"
"52","WR08-24",2005,NA,NA,NA,162,NA,"X"
"53","WR08-25",2005,NA,NA,NA,NA,NA,"SAC"
"54","WR08-26",2005,NA,NA,NA,NA,NA,"SAC"
"55","WR08-27",2005,NA,93,NA,NA,NA,"LAS"
"56","WR08-28",2005,NA,NA,NA,NA,168,"DEL"
"57","WR08-29",2005,NA,NA,NA,NA,150,"DEL"
"58","WR08-30",2005,NA,NA,NA,NA,NA,"SAC"
"59","WR08-31",2005,NA,NA,NA,NA,NA,"SAC"
"60","WR08-32",2005,NA,NA,NA,NA,NA,"SAC"
"61","WR08-33",2005,NA,162,NA,NA,NA,"LAS"
"62","WR08-34",2005,NA,54,NA,NA,NA,"LAS"
"63","WR08-35",2005,NA,61,NA,NA,NA,"LAS"
"64","WR08-36",2005,NA,216,NA,NA,NA,"LAS"
"65","WR08-37",2005,NA,NA,NA,NA,NA,"SAC"
"66","WR08-39",2005,NA,56,NA,NA,NA,"LAS"
"67","WR08-40",2005,NA,NA,NA,NA,NA,"SAC"
"68","WR08-41",2005,NA,NA,NA,NA,260,"DEL"
"69","WR08-42",2005,NA,NA,331,NA,NA,"AME"
"70","WR08-43",2005,NA,NA,273,NA,NA,"AME"
"71","WR08-44",2005,NA,NA,NA,NA,NA,"SAC"
"72","WR08-45",2005,NA,NA,NA,NA,NA,"SAC"
"73","WR08-46",2005,NA,57,NA,NA,NA,"LAS"
"74","WR08-47",2005,NA,NA,333,NA,NA,"AME"
"75","WR08-48",2005,NA,NA,NA,NA,NA,"SAC"
"76","WR08-49",2005,NA,NA,151,NA,NA,"AME"
"77","WR08-50",2005,NA,NA,NA,NA,NA,"SAC"
"78","WR08-51",2005,NA,NA,NA,NA,200,"DEL"
"79","WR08-52",2005,NA,NA,357,NA,NA,"AME"
"80","WR08-53",2005,NA,NA,NA,NA,NA,"SAC"
"81","WR08-54",2005,NA,NA,NA,NA,194,"DEL"
"82","WR08-55",2005,NA,NA,NA,NA,NA,"SAC"
"83","WR08-56",2005,NA,NA,NA,NA,244,"DEL"
"84","WR08-57",2005,NA,236,NA,NA,NA,"LAS"
"85","WR08-58",2005,NA,NA,NA,NA,NA,"SAC"
"86","WR08-60",2005,NA,NA,NA,NA,136,"DEL"
"87","WR08-62",2005,NA,233,NA,NA,NA,"LAS"
"88","WR08-63",2005,NA,NA,NA,NA,176,"DEL"
"89","WR08-64",2005,NA,146,NA,NA,NA,"LAS"
"90","WR08-65",2005,NA,NA,212,NA,NA,"AME"
"91","WR08-66",2005,NA,NA,NA,NA,NA,"SAC"
"92","WR08-67",2005,NA,NA,NA,NA,200,"DEL"
"93","WR08-68",2005,NA,NA,NA,NA,NA,"SAC"
"94","WR08-69",2005,NA,NA,NA,NA,278,"DEL"
"95","WR08-70",2005,NA,NA,227,NA,NA,"AME"
"96","WR08-71",2005,NA,NA,NA,NA,161,"DEL"
"97","WR08-72",2005,NA,NA,NA,NA,NA,"SAC"
"98","WR08-73",2005,NA,NA,158,NA,NA,"AME"
"99","WR08-74",2005,NA,NA,NA,NA,NA,"SAC"
"100","WR08-75",2005,NA,NA,NA,NA,NA,"SAC"
"101","WR08-76",2005,NA,NA,NA,NA,NA,"SAC"
"102","WR08-77",2005,NA,NA,NA,NA,189,"DEL"
"103","WR08-78",2005,NA,NA,NA,NA,235,"DEL"
"104","WR08-79",2005,NA,NA,276,NA,NA,"AME"
"105","WR08-80",2005,NA,NA,325,NA,NA,"AME"
"106","WR08-81",2005,NA,NA,NA,NA,129,"DEL"
"107","WR08-82",2005,NA,NA,283,NA,NA,"AME"
"108","WR08-83",2005,NA,NA,NA,NA,NA,"SAC"
"109","WR08-84",2005,NA,NA,NA,NA,156,"DEL"
"110","WR08-86",2005,NA,NA,NA,NA,NA,"SAC"
"111","WR08-87",2005,NA,NA,NA,NA,NA,"SAC"
"112","WR08-88",2005,NA,NA,NA,NA,NA,"SAC"
"113","WR08-89",2005,NA,NA,NA,NA,NA,"SAC"
"114","WR08-90",2005,NA,NA,238,NA,NA,"AME"
"115","WR08-91",2005,NA,NA,219,NA,NA,"AME"
"116","WR08-93",2005,NA,NA,280.99,NA,NA,"AME"
"117","WR08-94",2005,NA,NA,NA,NA,138,"DEL"
"118","WR08-95",2005,NA,NA,NA,NA,121,"DEL"
"119","WR08-96",2005,NA,NA,NA,NA,NA,"SAC"
"120","WR09-01",2006,850,NA,282,NA,NA,"AME"
"121","WR09-02",2006,840,NA,NA,NA,NA,"SAC"
"122","WR09-03",2006,780,NA,NA,NA,NA,"SAC"
"123","WR09-04",2006,840,NA,NA,NA,NA,"SAC"
"124","WR09-05",2006,850,NA,NA,NA,NA,"SAC"
"125","WR09-06",2006,750,NA,NA,NA,NA,"SAC"
"126","WR09-07",2006,900,53,NA,NA,NA,"LAS"
"127","WR09-08",2006,730,NA,NA,NA,NA,"SAC"
"128","WR09-09",2006,690,NA,NA,NA,NA,"SAC"
"129","WR09-10",2006,770,NA,214,NA,NA,"AME"
"130","WR09-11",2006,820,NA,NA,NA,NA,"SAC"
"131","WR09-12",2006,840,72,NA,NA,NA,"LAS"
"132","WR09-13",2006,850,NA,NA,NA,NA,"SAC"
"133","WR09-14",2006,880,NA,NA,NA,NA,"SAC"
"134","WR09-15",2006,830,NA,NA,NA,NA,"SAC"
"135","WR09-16",2006,780,NA,NA,NA,187,"DEL"
"136","WR09-17",2006,800,NA,NA,NA,NA,"SAC"
"137","WR09-18",2006,730,NA,NA,NA,159,"DEL"
"138","WR09-19",2006,770,NA,NA,NA,NA,"SAC"
"139","WR09-20",2006,850,NA,NA,NA,201,"DEL"
"140","WR09-21",2006,750,NA,NA,NA,NA,"SAC"
"141","WR09-22",2006,780,NA,222,NA,NA,"AME"
"142","WR09-23",2006,740,NA,NA,NA,NA,"SAC"
"143","WR09-24",2006,860,NA,NA,NA,NA,"SAC"
"144","WR09-27",2006,810,NA,NA,NA,NA,"SAC"
"145","WR09-28",2006,920,NA,NA,NA,NA,"SAC"
"146","WR09-29",2006,870,NA,NA,NA,NA,"SAC"
"147","WR09-30",2006,870,NA,185,NA,NA,"AME"
"148","WR09-31",2006,800,NA,NA,NA,NA,"SAC"
"149","WR09-32",2006,900,NA,NA,NA,NA,"SAC"
"150","WR09-33",2006,840,NA,NA,NA,NA,"SAC"
"151","WR09-34",2006,750,NA,NA,NA,204,"DEL"
"152","WR09-35",2006,900,NA,NA,NA,NA,"SAC"
"153","WR09-36",2006,880,NA,NA,NA,NA,"SAC"
"154","WR09-37",2006,710,NA,NA,NA,NA,"SAC"
"155","WR09-38",2006,810,NA,NA,NA,NA,"SAC"
"156","WR09-39",2006,800,NA,NA,NA,NA,"SAC"
"157","WR09-40",2006,740,NA,NA,NA,NA,"SAC"
"158","WR09-41",2006,780,56,NA,NA,NA,"LAS"
"159","WR09-42",2006,850,NA,NA,NA,176,"DEL"
"160","WR09-43",2006,740,NA,NA,NA,202,"DEL"
"161","WR09-44",2006,710,NA,NA,NA,NA,"SAC"
"162","WR09-45",2006,830,NA,226,NA,NA,"AME"
"163","WR09-46",2006,770,NA,NA,NA,NA,"SAC"
"164","WR09-47",2006,750,NA,NA,NA,NA,"SAC"
"165","WR09-48",2006,780,NA,NA,NA,NA,"SAC"
"166","WR09-49",2006,760,NA,NA,NA,NA,"SAC"
"167","WR09-50",2006,760,NA,181,NA,NA,"AME"
"168","WR09-51",2006,930,NA,NA,NA,135,"DEL"
"169","WR09-52",2006,790,NA,NA,NA,NA,"SAC"
"170","WR09-54",2006,770,NA,211,NA,NA,"AME"
"171","WR09-55",2006,730,NA,NA,NA,153,"DEL"
"172","WR09-56",2006,800,NA,291,NA,NA,"AME"
"173","WR09-57",2006,880,NA,NA,NA,NA,"SAC"
"174","WR09-58",2006,770,NA,NA,NA,NA,"SAC"
"175","WR09-59",2006,850,111,NA,NA,NA,"LAS"
"176","WR09-60",2006,760,NA,NA,NA,121,"DEL"
"177","WR09-63",2006,820,NA,275.21,NA,NA,"AME"
"178","WR09-64",2006,890,NA,236.81,NA,NA,"AME"
"179","WR09-65",2006,780,NA,NA,NA,NA,"SAC"
"180","WR09-66",2006,910,NA,NA,NA,223,"DEL"
"181","WR09-67",2006,760,107,55,NA,NA,"LAS"
"182","WR09-68",2006,750,NA,205,NA,NA,"AME"
"183","WR09-69",2006,860,55,NA,NA,NA,"LAS"
"184","WR09-70",2006,810,NA,105,NA,NA,"AME"
"185","WR09-71",2006,800,NA,NA,NA,NA,"SAC"
"186","WR09-72",2006,840,112,NA,NA,NA,"LAS"
"187","WR15-5003",2012,781,NA,NA,NA,307.703,"DEL"
"188","WR15-5004",2012,660,NA,NA,NA,206.938,"DEL"
"189","WR15-5006",2012,774,NA,NA,NA,NA,"SAC"
"190","WR15-5007",2012,918,NA,NA,NA,NA,"SAC"
"191","WR15-5008",2012,845,NA,NA,NA,NA,"SAC"
"192","WR15-5011",2012,631,NA,NA,NA,NA,"SAC"
"193","WR15-5015",2012,770,NA,248.529,NA,NA,"AME"
"194","WR15-5016",2012,733,NA,NA,NA,167.376,"DEL"
"195","WR15-5019",2012,810,NA,NA,NA,NA,"SAC"
"196","WR15-5021",2012,900,NA,206.939,NA,NA,"AME"
"197","WR15-5023",2012,752,NA,NA,NA,NA,"SAC"
"198","WR15-5025",2012,754,NA,NA,NA,NA,"SAC"
"199","WR15-5027",2012,719,NA,NA,NA,NA,"SAC"
"200","WR15-5028",2012,745,NA,NA,NA,NA,"SAC"
"201","WR15-5029",2012,740,NA,NA,NA,NA,"SAC"
"202","WR15-5030",2012,731,NA,NA,NA,NA,"SAC"
"203","WR15-5038",2012,835,NA,NA,NA,NA,"SAC"
"204","WR15-5040",2012,763,NA,NA,NA,203.46,"DEL"
"205","WR15-5046",2012,812,NA,NA,NA,NA,"SAC"
"206","WR15-5048",2012,698,NA,NA,NA,NA,"SAC"
"207","WR15-5054",2012,901,NA,NA,NA,NA,"SAC"
"208","WR15-5060",2012,755,NA,NA,NA,NA,"SAC"
"209","WR15-5064",2012,730,NA,NA,NA,229.932,"DEL"
"210","WR15-5064B",2012,NA,NA,NA,NA,NA,"SAC"
"211","WR15-5065",2012,676,NA,NA,NA,NA,"SAC"
"212","WR15-5069",2012,857,NA,NA,NA,NA,"SAC"
"213","WR15-5071",2012,869,NA,169.744,NA,NA,"AME"
"214","WR15-5075",2012,872,NA,NA,NA,NA,"SAC"
"215","WR15-5079",2012,725,NA,NA,NA,NA,"SAC"
"216","WR15-5085",2012,720,NA,NA,NA,NA,"SAC"
"217","WR15-5089",2012,792,NA,NA,NA,NA,"SAC"
"218","WR15-5098",2012,700,NA,NA,NA,NA,"SAC"
"219","WR15-5105",2012,697,NA,NA,NA,NA,"SAC"
"220","WR15-5108",2012,761,NA,NA,NA,NA,"SAC"
"221","WR15-5111",2012,870,NA,NA,NA,167.473,"DEL"
"222","WR15-5115",2012,730,NA,NA,NA,NA,"SAC"
"223","WR15-5124",2012,725,NA,NA,NA,NA,"SAC"
"224","WR15-5127",2012,670,NA,NA,NA,NA,"SAC"
"225","WR15-5130",2012,925,NA,NA,NA,227.565,"DEL"
"226","WR15-5134",2012,775,NA,NA,NA,NA,"SAC"
"227","WR15-5137",2012,718,NA,176.752,NA,NA,"AME"
"228","WR15-5141",2011,870,NA,NA,NA,NA,"SAC"
"229","WR15-5142",2012,787,NA,NA,NA,NA,"SAC"
"230","WR15-5151",2012,820,NA,NA,NA,NA,"SAC"
"231","WR15-5154",2012,730,NA,NA,NA,190.37,"DEL"
"232","WR15-5157",2012,669,NA,NA,NA,NA,"SAC"
"233","WR15-5157B",2012,NA,NA,NA,NA,NA,"SAC"
"234","WR15-5163",2012,762,NA,NA,NA,NA,"SAC"
"235","WR15-5167",2012,718,NA,NA,NA,NA,"SAC"
"236","WR15-5171",2012,890,NA,NA,NA,NA,"SAC"
"237","WR15-5178",2012,750,NA,173.125,NA,123.758,"AME"
"238","WR15-5182",2012,710,NA,NA,NA,NA,"SAC"
"239","WR15-5193",2012,735,160.953,NA,NA,NA,"LAS"
"240","WR15-5196",2012,651,NA,347.603,NA,NA,"AME"
"241","WR15-5199",2012,728,NA,NA,NA,213.701,"DEL"
"242","WR15-5207",2012,731,NA,NA,NA,NA,"SAC"
"243","WR15-5211",2012,700,NA,NA,NA,NA,"SAC"
"244","WR15-5213",2012,925,NA,NA,NA,NA,"SAC"
"245","WR15-5216",2012,733,NA,NA,NA,NA,"SAC"
"246","WR15-5220",2012,699,NA,NA,NA,NA,"SAC"
"247","WR15-5223",2013,537,NA,NA,NA,NA,"SAC"
"248","WR15-5226",2012,710,NA,NA,NA,NA,"SAC"
"249","WR15-5233",2011,1055,NA,NA,NA,NA,"SAC"
"250","WR15-5242",2012,707,NA,NA,NA,NA,"SAC"
"251","WR15-5254",2012,731,NA,NA,NA,NA,"SAC"
"252","WR15-5261",2012,683,NA,305.336,NA,NA,"AME"
"253","WR15-5265",2012,690,NA,NA,NA,NA,"SAC"
"254","WR15-5268",2012,823,NA,NA,NA,NA,"SAC"
"255","WR15-5271",2012,827,NA,NA,NA,NA,"SAC"
"256","WR15-5271B",2012,NA,NA,NA,NA,203.219,"DEL"
"257","WR15-5273",2012,867,NA,260.96,NA,NA,"AME"
"258","WR15-5283",2012,712,NA,NA,NA,NA,"SAC"
"259","WR15-5288",2012,703,NA,NA,NA,NA,"SAC"
"260","WR15-5292",2012,696,NA,NA,NA,167.823,"DEL"
"261","WR15-5296",2012,710,193.413,NA,NA,NA,"LAS"
"262","WR15-5299",2012,740,NA,NA,NA,NA,"SAC"
"263","WR15-5302",2012,750,NA,NA,NA,NA,"SAC"
"264","WR15-5303",2012,781,NA,NA,NA,NA,"SAC"
"265","WR15-5309",2012,698,75.743,NA,NA,NA,"LAS"
"266","WR15-5312",2012,764,NA,NA,NA,NA,"SAC"
"267","WR15-5317",2012,749,NA,NA,NA,162.643,"DEL"
"268","WR15-5321",2012,696,NA,NA,NA,NA,"SAC"
"269","WR15-5325",2012,720,NA,NA,NA,NA,"SAC"
"270","WR15-5329",2012,728,NA,NA,NA,NA,"SAC"
"271","WR15-5338",2012,765,NA,NA,NA,NA,"SAC"
"272","WR15-5346",2012,740,NA,NA,NA,NA,"SAC"
"273","WR15-5350",2012,750,NA,NA,NA,NA,"SAC"
"274","WR15-5353",2012,806,NA,NA,NA,NA,"SAC"
"275","WR15-5356",2012,738,NA,NA,NA,NA,"SAC"
"276","WR15-5359",2012,708,NA,NA,NA,NA,"SAC"
"277","WR15-5362",2012,711,NA,NA,NA,NA,"SAC"
"278","WR15-5366",2012,734,NA,NA,NA,189.893,"DEL"
"279","WR15-5369",2012,635,NA,NA,NA,161.967,"DEL"
"280","WR15-5374",2012,600,NA,242.105,NA,NA,"AME"
"281","WR15-5376",2012,721,182.122,NA,NA,NA,"LAS"
"282","WR15-5379",2012,753,NA,NA,NA,NA,"SAC"
"283","WR15-5383",2012,837,NA,NA,NA,NA,"SAC"
"284","WR15-5389",2012,708,NA,NA,NA,NA,"SAC"
"285","WR15-5395",2012,705,NA,NA,NA,172.205,"DEL"
"286","WR15-5400",2012,695,NA,NA,NA,NA,"SAC"
"287","WR15-5408",2013,618,NA,NA,NA,190.384,"DEL"
"288","WR15-5412",2012,705,NA,NA,NA,NA,"SAC"
"289","WR15-5417",2012,713,NA,NA,NA,NA,"SAC"
"290","WR15-7003",2012,749,NA,NA,NA,NA,"SAC"
"291","WR15-7004",2012,764,NA,NA,NA,190.032,"DEL"
"292","WR15-7005",2012,890,NA,NA,NA,NA,"SAC"
"293","WR15-7007",2012,834,NA,NA,NA,NA,"SAC"
"294","WR15-7013",2012,745,NA,NA,NA,NA,"SAC"
"295","WR15-7015",2012,868,NA,NA,NA,NA,"SAC"
"296","WR15-7016",2012,695,NA,NA,NA,NA,"SAC"
"297","WR15-7019",2012,690,NA,NA,NA,NA,"SAC"
"298","WR15-7021",2011,850,NA,NA,NA,NA,"SAC"
"299","WR15-7022",2012,898,NA,NA,NA,NA,"SAC"
"300","WR15-7025",2012,846,NA,NA,NA,NA,"SAC"
"301","WR15-7027",2012,866,NA,180.482,NA,NA,"AME"
"302","WR15-7028",2012,732,NA,NA,NA,NA,"SAC"
"303","WR15-7031",2012,724,NA,NA,NA,121.391,"DEL"
"304","WR15-7031B",2012,NA,NA,NA,NA,NA,"SAC"
"305","WR15-7032",2012,721,NA,NA,NA,NA,"SAC"
"306","WR15-7037",2013,590,NA,NA,NA,NA,"SAC"
"307","WR15-7044",2012,710,NA,NA,NA,NA,"SAC"
"308","WR15-7047",2012,830,NA,NA,NA,NA,"SAC"
"309","WR15-7051",2012,840,NA,NA,NA,NA,"SAC"
"310","WR15-7053",2012,810,NA,NA,NA,NA,"SAC"
"311","WR15-7054",2012,760,NA,NA,NA,NA,"SAC"
"312","WR15-7059",2012,841,NA,NA,NA,198.147,"DEL"
"313","WR15-7064",2012,898,NA,NA,NA,NA,"SAC"
"314","WR15-7069",2012,902,NA,NA,NA,184.622,"DEL"
"315","WR15-7071",2012,750,NA,NA,NA,NA,"SAC"
"316","WR15-7074",2012,745,NA,NA,NA,NA,"SAC"
"317","WR15-7081",2012,782,NA,NA,NA,NA,"SAC"
"318","WR15-7086",2012,740,NA,NA,NA,NA,"SAC"
"319","WR15-7091",2012,760,NA,NA,NA,NA,"SAC"
"320","WR15-7099",2012,735,NA,NA,NA,NA,"SAC"
"321","WR15-7102",2012,730,NA,NA,44.296,NA,"X"
"322","WR15-7107",2012,702,NA,NA,NA,NA,"SAC"
"323","WR15-7110",2012,668,NA,NA,NA,NA,"SAC"
"324","WR15-7113",2012,684,NA,NA,NA,NA,"SAC"
"325","WR15-7116",2012,730,NA,NA,NA,NA,"SAC"
"326","WR15-7120",2012,800,NA,NA,NA,NA,"SAC"
"327","WR15-7125",2012,735,257.461,NA,NA,NA,"LAS"
"328","WR15-7129",2012,722,NA,NA,NA,NA,"SAC"
"329","WR15-7142",2012,690,NA,NA,NA,NA,"SAC"
"330","WR15-7146",2012,750,NA,NA,NA,NA,"SAC"
"331","WR15-7150",2012,765,NA,NA,NA,245.824,"DEL"
"332","WR15-7155",2012,759,NA,NA,NA,233.989,"DEL"
"333","WR15-7160",2012,759,NA,NA,NA,NA,"SAC"
"334","WR15-7166",2012,800,NA,NA,NA,177.068,"DEL"
"335","WR15-7172",2012,719,NA,NA,NA,NA,"SAC"
"336","WR15-7179",2012,900,NA,NA,NA,NA,"SAC"
"337","WR15-7187",2012,936,NA,NA,NA,NA,"SAC"
"338","WR15-7189",2012,677,NA,NA,NA,NA,"SAC"
"339","WR15-7193",2012,682,NA,NA,NA,NA,"SAC"
"340","WR15-7198",2012,761,NA,NA,NA,NA,"SAC"
"341","WR15-7202",2011,980,NA,NA,NA,NA,"SAC"
"342","WR15-7206",2012,743,NA,NA,NA,177.735,"DEL"
"343","WR15-7207",2012,690,NA,NA,NA,NA,"SAC"
"344","WR15-7212",2012,770,NA,NA,NA,NA,"SAC"
"345","WR15-7216",2012,690,NA,NA,NA,NA,"SAC"
"346","WR15-7239",2012,681,NA,NA,NA,NA,"SAC"
"347","WR15-7244",2012,735,NA,NA,NA,NA,"SAC"
"348","WR15-7250",2012,770,NA,163.995,NA,NA,"AME"
"349","WR15-7254",2012,768,123.758,NA,NA,NA,"LAS"
"350","WR15-7257",2012,679,NA,NA,NA,NA,"SAC"
"351","WR15-7260",2012,720,NA,NA,NA,121.729,"DEL"
"352","WR15-7262",2012,760,NA,NA,NA,NA,"SAC"
"353","WR15-7270",2011,745,NA,NA,NA,159.249,"DEL"
"354","WR15-7273",2012,815,NA,NA,NA,NA,"SAC"
"355","WR15-7282",2012,740,NA,NA,NA,NA,"SAC"
"356","WR15-7287",2012,692,NA,NA,NA,NA,"SAC"
"357","WR15-7292",2012,731,NA,NA,NA,NA,"SAC"
"358","WR15-7295",2012,694,NA,NA,NA,151.799,"DEL"
"359","WR15-7301",2012,800,NA,NA,NA,NA,"SAC"
"360","WR15-7303",2012,700,NA,NA,NA,NA,"SAC"
"361","WR15-7306",2011,705,NA,277.328,NA,NA,"AME"
"362","WR15-7306B",2011,NA,NA,NA,NA,NA,"SAC"
"363","WR15-7308",2012,733,NA,NA,NA,NA,"SAC"
"364","WR15-7321",2012,663,NA,NA,NA,NA,"SAC"
"365","WR15-7326",2012,712,NA,NA,NA,NA,"SAC"
"366","WR15-7332",2013,550,NA,NA,NA,NA,"SAC"
"367","WR15-7335",2012,741,NA,NA,NA,236.356,"DEL"
"368","WR15-7340",2012,745,NA,NA,NA,NA,"SAC"
"369","WR15-7343",2012,610,NA,NA,NA,224.86,"DEL"
"370","WR15-7349",2012,665,155.88,NA,NA,NA,"LAS"
"371","WR15-7352",2012,683,NA,NA,NA,NA,"SAC"
"372","WR15-7356",2012,716,NA,NA,NA,NA,"SAC"
"373","WR15-7362",2012,748,NA,NA,NA,192.399,"DEL"
"374","WR15-7370",2013,594,NA,NA,NA,NA,"SAC"
"375","WR15-7371",2012,704,NA,NA,NA,NA,"SAC"
"376","WR15-7373",2013,699,NA,NA,NA,NA,"SAC"
"377","WR15-7374",2012,660,NA,NA,NA,NA,"SAC"
"378","WR15-7375",2012,703,NA,NA,NA,NA,"SAC"
"379","WR15-80117",2012,750,NA,NA,NA,NA,"SAC"
"380","WR15-80122",2012,740,NA,NA,NA,217.064,"DEL"
"381","WR15-80136",2012,780,NA,NA,NA,191.046,"DEL"
"382","WR15-80137",2012,740,NA,NA,NA,NA,"SAC"
"383","WR15-80140",2012,770,NA,NA,NA,NA,"SAC"
"384","WR15-80144",2012,720,45.986,NA,NA,NA,"LAS"
"385","WR15-80145",2012,730,NA,NA,NA,NA,"SAC"
"386","WR15-80148",2012,730,NA,NA,NA,NA,"SAC"
"387","WR15-80157",2012,710,NA,NA,NA,NA,"SAC"
"388","WR15-80160",2012,730,NA,201.866,NA,NA,"AME"
"389","WR15-80163",2012,760,105.499,NA,NA,NA,"LAS"
"390","WR15-80171",2012,840,NA,181.917,NA,NA,"AME"
"391","WR15-80181",2012,840,NA,NA,NA,NA,"SAC"
"392","WR15-80189",2012,750,NA,NA,NA,NA,"SAC"
"393","WR15-80190",2012,690,NA,NA,NA,162.981,"DEL"
"394","WR15-80192",2012,740,NA,NA,NA,190.708,"DEL"
"395","WR15-80196",2012,750,NA,NA,NA,NA,"SAC"
"396","WR15-80200",2012,870,NA,418.612,NA,NA,"AME"
"397","WR15-80201",2012,820,NA,NA,NA,NA,"SAC"
"398","WR15-80203",2012,790,NA,294.462,NA,NA,"AME"
"399","WR15-80204",2012,780,NA,NA,NA,189.356,"DEL"
"400","WR15-80205",2012,790,NA,NA,NA,287.753,"DEL"
"401","WR15-80206",2012,770,NA,NA,NA,206.736,"DEL"
"402","WR15-80207",2012,770,NA,NA,NA,NA,"SAC"
"403","WR15-80215",2012,760,NA,NA,NA,NA,"SAC"
"404","WR15-80217",2012,750,NA,NA,NA,NA,"SAC"
"405","WR15-80218",2012,710,NA,NA,NA,NA,"SAC"
"406","WR15-80223",2012,780,NA,NA,NA,NA,"SAC"
"407","WR15-80224",2012,720,NA,NA,NA,NA,"SAC"
"408","WR15-80225",2012,730,NA,NA,NA,NA,"SAC"
"409","WR15-80226",2012,780,NA,147.426,NA,NA,"AME"
"410","WR15-80227",2012,720,NA,NA,NA,233.446,"DEL"
"411","WR15-80229",2012,710,126.031,NA,NA,NA,"LAS"
"412","WR15-80230",2012,820,NA,NA,NA,NA,"SAC"
"413","WR15-80232",2012,790,NA,NA,NA,NA,"SAC"
"414","WR15-80233",2012,850,NA,NA,NA,224.183,"DEL"
"415","WR15-80234",2012,790,NA,321.904,NA,NA,"AME"
"416","WR15-80237",2012,720,NA,NA,NA,154.528,"DEL"
"417","WR15-80238",2012,720,NA,NA,NA,247.515,"DEL"
"418","WR15-80240",2012,730,NA,NA,NA,NA,"SAC"
"419","WR15-80241",2012,810,227.903,NA,NA,NA,"LAS"
"420","WR15-80243",2012,750,NA,228.58,NA,NA,"AME"
"421","WR15-80244",2012,720,NA,277.947,NA,NA,"AME"
"422","WR15-80246",2012,710,NA,NA,NA,NA,"SAC"
"423","WR15-80247",2012,770,NA,NA,NA,NA,"SAC"
"424","WR15-80248",2012,740,NA,NA,NA,NA,"SAC"
"425","WR15-80249",2012,800,NA,NA,NA,NA,"SAC"
"426","WR15-80251",2012,790,NA,NA,NA,NA,"SAC"
"427","WR15-80252",2012,780,NA,NA,NA,NA,"SAC"
"428","WR15-80258",2012,710,NA,NA,NA,NA,"SAC"
"429","WR15-80259",2012,790,NA,NA,NA,NA,"SAC"
"430","WR15-80261",2012,720,NA,NA,NA,NA,"SAC"
"431","WR15-80262",2012,870,NA,NA,NA,NA,"SAC"
"432","WR15-80263",2012,710,NA,NA,NA,NA,"SAC"
"433","WR15-80264",2012,730,NA,NA,NA,NA,"SAC"
"434","WR15-80265",2012,770,NA,163.657,NA,122.067,"AME"
"435","WR15-80266",2012,740,NA,NA,NA,NA,"SAC"
"436","WR15-80268",2012,680,NA,NA,NA,NA,"SAC"
"437","WR15-80272",2012,870,NA,NA,NA,NA,"SAC"
"438","WR15-80275",2012,730,NA,NA,NA,NA,"SAC"
"439","WR15-80276",2012,710,148.964,NA,NA,NA,"LAS"
"440","WR15-80278",2012,720,58.419,NA,NA,NA,"LAS"
"441","WR15-80282",2012,840,NA,NA,NA,NA,"SAC"
"442","WR15-80283",2012,740,NA,NA,NA,NA,"SAC"
"443","WR15-80284",2012,860,NA,104.198,NA,NA,"AME"
"444","WR15-80285",2012,720,NA,NA,NA,NA,"SAC"
"445","WR15-80286",2012,760,NA,NA,NA,NA,"SAC"
"446","WR15-80294",2012,740,NA,NA,NA,NA,"SAC"
"447","WR15-80295",2012,720,NA,NA,NA,NA,"SAC"
"448","WR15-80297",2012,850,NA,NA,NA,NA,"SAC"
"449","WR15-80299",2012,840,NA,NA,NA,NA,"SAC"
"450","WR15-80305",2012,870,NA,NA,NA,NA,"SAC"
"451","WR15-80310",2012,690,NA,NA,NA,NA,"SAC"
"452","WR15-80311",2012,740,NA,NA,NA,NA,"SAC"
"453","WR15-80312",2012,770,NA,NA,NA,NA,"SAC"
"454","WR15-80315",2012,780,NA,163.658,NA,NA,"AME"
"455","WR15-80318",2012,740,NA,NA,NA,271.523,"DEL"
"456","WR15-80320",2012,770,NA,NA,NA,NA,"SAC"
"457","WR15-80324",2012,780,NA,NA,NA,193.414,"DEL"
"458","WR15-80326",2012,800,NA,NA,NA,NA,"SAC"
"459","WR15-80330",2012,840,NA,NA,NA,NA,"SAC"
"460","WR15-80332",2012,740,NA,NA,NA,NA,"SAC"
"461","WR15-80334",2012,710,NA,NA,NA,NA,"SAC"
"462","WR15-80336",2012,910,NA,198.486,NA,NA,"AME"
"463","WR15-80337",2012,850,NA,122.164,NA,NA,"AME"
"464","WR15-80341",2012,800,NA,NA,NA,NA,"SAC"
"465","WR15-80342",2012,710,NA,NA,NA,NA,"SAC"
"466","WR15-80359",2012,840,NA,312.775,NA,NA,"AME"
"467","WR15-80364",2012,690,40.915,NA,NA,NA,"LAS"
"468","WR15-80366",2012,750,NA,NA,NA,NA,"SAC"
"469","WR15-80368",2012,750,NA,301.231,NA,NA,"AME"
"470","WR15-80375",2012,710,64.899,NA,NA,NA,"LAS"
"471","WR15-80395",2012,870,NA,NA,NA,228.921,"DEL"
"472","WR15-80396",2012,810,NA,285.048,NA,NA,"AME"
"473","WR15-80398",2012,810,NA,NA,NA,NA,"SAC"
"474","WR15-80400",2012,700,NA,NA,NA,NA,"SAC"
"475","WR15-80424",2012,700,NA,NA,NA,NA,"SAC"
"476","WR15-80425",2012,870,NA,NA,NA,NA,"SAC"
"477","WR15-80427",2012,760,NA,NA,NA,NA,"SAC"
"478","WR15-80431",2012,690,NA,NA,NA,208.575,"DEL"
"479","WR15-80439",2012,840,NA,NA,NA,NA,"SAC"
"480","WR15-80458",2012,880,NA,NA,NA,204.233,"DEL"
"481","WR15-80470",2012,820,NA,NA,NA,NA,"SAC"
"482","WR15-80471",2012,850,NA,NA,NA,NA,"SAC"
"483","WR15-80474",2012,670,NA,NA,NA,NA,"SAC"
"484","WR15-80475",2012,830,NA,NA,NA,NA,"SAC"
"485","WR15-80491",2012,670,NA,NA,NA,303.412,"DEL"
"486","WR15-80498",2012,790,NA,NA,NA,NA,"SAC"
"487","WR15-80509",2012,680,NA,NA,NA,NA,"SAC"
"488","WR15-80530",2012,720,NA,NA,NA,NA,"SAC"
"489","WR15-80539",2012,760,NA,NA,NA,NA,"SAC"
"490","WR15-80611",2012,700,NA,NA,NA,NA,"SAC"
"491","WR15-80616",2012,740,NA,NA,NA,NA,"SAC"
"492","WR15-80671",2012,710,NA,NA,NA,NA,"SAC"
"493","WR16.5001",2013,800,NA,NA,NA,NA,"SAC"
"494","WR16.5002",2012,880,NA,NA,NA,NA,"SAC"
"495","WR16.5003",2012,880,NA,NA,NA,NA,"SAC"
"496","WR16.5004",2012,790,NA,NA,NA,NA,"SAC"
"497","WR16.5005",2013,750,NA,NA,NA,NA,"SAC"
"498","WR16.5006",2013,700,NA,NA,NA,NA,"SAC"
"499","WR16.5007",2013,830,NA,NA,NA,NA,"SAC"
"500","WR16.5008",2013,715,NA,NA,NA,NA,"SAC"
"501","WR16.5010",2014,635,NA,NA,NA,NA,"SAC"
"502","WR16.5011",2013,870,NA,NA,NA,NA,"SAC"
"503","WR16.5012",2013,730,NA,NA,NA,NA,"SAC"
"504","WR16.5013",2012,865,NA,NA,NA,NA,"SAC"
"505","WR16.5014",2012,770,NA,NA,NA,NA,"SAC"
"506","WR16.5015",2014,652,NA,NA,NA,NA,"SAC"
"507","WR16.5018",2013,642,NA,NA,NA,NA,"SAC"
"508","WR16.5019",2013,724,NA,NA,NA,NA,"SAC"
"509","WR16.5022",2013,687,NA,NA,NA,NA,"SAC"
"510","WR16.5025",2013,699,197.098,NA,NA,NA,"LAS"
"511","WR16.5026",2013,840,NA,NA,NA,NA,"SAC"
"512","WR16.5029",2013,670,NA,NA,NA,NA,"SAC"
"513","WR16.5030",2013,690,NA,NA,NA,NA,"SAC"
"514","WR16.5031",2012,687,NA,NA,NA,NA,"SAC"
"515","WR16.5032",2012,850,NA,NA,NA,NA,"SAC"
"516","WR16.5033",2013,741,NA,NA,NA,120.978,"DEL"
"517","WR16.5034",2013,690,NA,NA,NA,NA,"SAC"
"518","WR16.5036",2013,740,NA,NA,NA,NA,"SAC"
"519","WR16.5037",2013,770,NA,NA,NA,NA,"SAC"
"520","WR16.5038",2013,710,NA,NA,NA,NA,"SAC"
"521","WR16.5039",2013,665,NA,NA,NA,NA,"SAC"
"522","WR16.5042",2013,672,NA,NA,NA,NA,"SAC"
"523","WR16.5043",2013,693,NA,NA,NA,NA,"SAC"
"524","WR16.5046",2012,937,NA,74.6849,NA,NA,"AME"
"525","WR16.5047",2013,688,NA,NA,NA,NA,"SAC"
"526","WR16.5048",2013,657,NA,NA,NA,NA,"SAC"
"527","WR16.5049",2013,667,NA,NA,NA,NA,"SAC"
"528","WR16.5050",2013,683,NA,NA,NA,NA,"SAC"
"529","WR16.5051",2013,790,NA,NA,NA,NA,"SAC"
"530","WR16.5052",2013,726,NA,NA,NA,NA,"SAC"
"531","WR16.5055",2013,740,NA,NA,NA,NA,"SAC"
"532","WR16.5056",2013,720,NA,NA,NA,NA,"SAC"
"533","WR16.5057",2013,735,NA,NA,NA,NA,"SAC"
"534","WR16.5058",2014,655,NA,NA,NA,NA,"SAC"
"535","WR16.5060",2013,763,NA,NA,NA,NA,"SAC"
"536","WR16.5062",2013,705,NA,NA,NA,NA,"SAC"
"537","WR16.5063",2014,530,NA,NA,NA,NA,"SAC"
"538","WR16.5064",2014,658,NA,NA,NA,NA,"SAC"
"539","WR16.5065",2013,653,NA,NA,NA,NA,"SAC"
"540","WR16.5067",2013,771,NA,NA,NA,NA,"SAC"
"541","WR16.5068",2012,705,NA,NA,NA,NA,"SAC"
"542","WR16.5069",2013,750,NA,NA,NA,NA,"SAC"
"543","WR16.5070",2013,782,NA,NA,NA,NA,"SAC"
"544","WR16.5073",2012,975,NA,NA,NA,184.865,"DEL"
"545","WR16.5074",2013,680,NA,NA,NA,NA,"SAC"
"546","WR16.5075",2013,757,159.491,NA,NA,NA,"LAS"
"547","WR16.5079",2012,728,NA,NA,NA,NA,"SAC"
"548","WR16.5080",2013,694,NA,NA,NA,NA,"SAC"
"549","WR16.5081",2013,745,NA,NA,NA,NA,"SAC"
"550","WR16.5086",2012,770,NA,NA,NA,NA,"SAC"
"551","WR16.5087",2013,834,NA,NA,NA,NA,"SAC"
"552","WR16.5088",2014,726,NA,NA,NA,NA,"SAC"
"553","WR16.5090",2013,635,NA,NA,NA,NA,"SAC"
"554","WR16.5092",2013,660,NA,NA,NA,NA,"SAC"
"555","WR16.5093",2012,850,NA,NA,NA,NA,"SAC"
"556","WR16.5097",2013,692,NA,NA,NA,NA,"SAC"
"557","WR16.5098",2013,681,NA,NA,NA,NA,"SAC"
"558","WR16.5099",2014,542,NA,NA,NA,NA,"SAC"
"559","WR16.5100",2013,671,NA,NA,NA,NA,"SAC"
"560","WR16.5103",2013,671,NA,NA,NA,NA,"SAC"
"561","WR16.5105",2013,694,NA,NA,NA,NA,"SAC"
"562","WR16.5108",2013,720,NA,NA,NA,NA,"SAC"
"563","WR16.5111",2014,660,55.278,NA,NA,NA,"LAS"
"564","WR16.5113",2013,664,235.612,NA,NA,NA,"LAS"
"565","WR16.5117",2013,701,NA,NA,NA,NA,"SAC"
"566","WR16.5118",2014,577,NA,NA,NA,124.791,"DEL"
"567","WR16.5120",2013,720,NA,NA,NA,NA,"SAC"
"568","WR16.5122",2013,640,NA,NA,NA,NA,"SAC"
"569","WR16.5124",2014,615,NA,NA,NA,NA,"SAC"
"570","WR16.5125",2013,690,NA,NA,NA,NA,"SAC"
"571","WR16.5126",2013,710,NA,NA,NA,NA,"SAC"
"572","WR16.5129",2013,717,NA,NA,NA,NA,"SAC"
"573","WR16.5131",2012,734,NA,NA,NA,NA,"SAC"
"574","WR16.7001",2013,772,NA,NA,NA,NA,"SAC"
"575","WR16.7003",2012,850,NA,NA,NA,NA,"SAC"
"576","WR16.7004",2013,710,NA,NA,NA,NA,"SAC"
"577","WR16.7005",2012,850,NA,NA,NA,NA,"SAC"
"578","WR16.7008",2013,660,62.863,NA,NA,NA,"LAS"
"579","WR16.7010",2013,790,NA,NA,NA,NA,"SAC"
"580","WR16.7011",2013,816,NA,NA,NA,NA,"SAC"
"581","WR16.7012",2013,850,NA,NA,NA,NA,"SAC"
"582","WR16.7013",2013,700,154.119,NA,NA,NA,"LAS"
"583","WR16.7015",2013,660,NA,NA,NA,NA,"SAC"
"584","WR16.7016",2013,728,NA,NA,NA,NA,"SAC"
"585","WR16.7017",2013,775,NA,NA,NA,NA,"SAC"
"586","WR16.7018",2013,692,NA,NA,NA,NA,"SAC"
"587","WR16.7020",2013,800,NA,NA,NA,NA,"SAC"
"588","WR16.7021",2013,830,NA,NA,NA,NA,"SAC"
"589","WR16.7022",2013,720,NA,NA,NA,NA,"SAC"
"590","WR16.7023",2013,700,NA,NA,NA,NA,"SAC"
"591","WR16.7025",2013,624,NA,NA,NA,NA,"SAC"
"592","WR16.7026",2013,727,NA,NA,NA,NA,"SAC"
"593","WR16.7028",2013,668,NA,NA,NA,NA,"SAC"
"594","WR16.7029",2013,709,NA,NA,NA,NA,"SAC"
"595","WR16.7030",2014,620,NA,NA,NA,NA,"SAC"
"596","WR16.7034",2014,640,NA,NA,NA,NA,"SAC"
"597","WR16.7036",2014,645,NA,NA,NA,NA,"SAC"
"598","WR16.7039",2014,675,NA,NA,NA,NA,"SAC"
"599","WR16.7041",2013,746,NA,NA,NA,NA,"SAC"
"600","WR16.7042",2014,724,NA,NA,NA,NA,"SAC"
"601","WR16.7044",2014,546,NA,180.787,NA,NA,"AME"
"602","WR16.7048",2013,709,NA,NA,NA,NA,"SAC"
"603","WR16.7049",2013,712,NA,NA,NA,NA,"SAC"
"604","WR16.7050",2013,712,NA,NA,NA,NA,"SAC"
"605","WR16.7051",2013,620,NA,NA,NA,NA,"SAC"
"606","WR16.7054",2013,671,NA,NA,NA,NA,"SAC"
"607","WR16.7055",2013,627,NA,NA,NA,NA,"SAC"
"608","WR16.7056",2013,711,NA,NA,NA,NA,"SAC"
"609","WR16.7057",2013,631,NA,NA,NA,NA,"SAC"
"610","WR16.7058",2014,644,NA,NA,NA,NA,"SAC"
"611","WR16.7060",2013,663,NA,NA,NA,NA,"SAC"
"612","WR16.7061",2013,664,NA,NA,NA,NA,"SAC"
"613","WR16.7063",2013,840,NA,NA,NA,NA,"SAC"
"614","WR16.7067",2014,670,NA,NA,NA,123.11652,"DEL"
"615","WR16.7068",2013,710,NA,NA,NA,NA,"SAC"
"616","WR16.7069",2013,665,NA,NA,NA,NA,"SAC"
"617","WR16.7070",2014,680,NA,NA,NA,NA,"SAC"
"618","WR16.7071",2013,800,NA,NA,NA,NA,"SAC"
"619","WR16.7074",2013,826,NA,NA,NA,NA,"SAC"
"620","WR16.7075",2014,644,NA,NA,NA,NA,"SAC"
"621","WR16.7077",2013,665,NA,NA,NA,NA,"SAC"
"622","WR16.7079",2014,630,NA,NA,NA,NA,"SAC"
"623","WR16.7080",2013,800,NA,NA,NA,NA,"SAC"
"624","WR16.7081",2013,690,NA,NA,NA,NA,"SAC"
"625","WR16.7082",2013,735,NA,NA,NA,NA,"SAC"
"626","WR16.7083",2013,650,NA,NA,NA,NA,"SAC"
"627","WR16.7085",2013,745,NA,NA,NA,NA,"SAC"
"628","WR16.7087",2014,615,NA,NA,NA,NA,"SAC"
"629","WR16.7089",2013,720,NA,NA,NA,NA,"SAC"
"630","WR16.7091",2013,640,NA,NA,NA,NA,"SAC"
"631","WR16.7092",2013,661,NA,NA,NA,NA,"SAC"
"632","WR16.7095",2012,830,NA,NA,NA,NA,"SAC"
"633","WR16.7097",2013,670,NA,NA,NA,NA,"SAC"
"634","WR16.7099",2013,738,NA,NA,NA,NA,"SAC"
"635","WR16.7100",2014,691,NA,NA,NA,NA,"SAC"
"636","WR16.7101",2013,779,NA,NA,NA,NA,"SAC"
"637","WR16.7102",2012,698,NA,NA,NA,NA,"SAC"
"638","WR16.7103",2013,684,NA,NA,NA,NA,"SAC"
"639","WR16.7104",2012,762,NA,NA,NA,NA,"SAC"
"640","WR16.7105",2012,875,NA,NA,NA,NA,"SAC"
"641","WR16.7106",2013,645,NA,NA,NA,NA,"SAC"
"642","WR16.7107",2012,770,NA,NA,NA,NA,"SAC"
"643","WR16.7108",2013,690,NA,NA,NA,NA,"SAC"
"644","WR16.7109",2013,688,NA,NA,NA,NA,"SAC"
"645","WR16.7110",2013,723,NA,NA,NA,NA,"SAC"
"646","WR16.7111",2013,735,NA,NA,NA,NA,"SAC"
"647","WR16.7112",2013,755,NA,NA,NA,NA,"SAC"
"648","WR16.7115",2012,782,NA,NA,NA,NA,"SAC"
"649","WR16.7117",2014,652,NA,NA,NA,NA,"SAC"
"650","WR16.7118",2013,747,NA,NA,NA,NA,"SAC"
"651","WR16.7119",2014,509,NA,NA,NA,NA,"SAC"
"652","WR16.7120",2013,633,NA,NA,NA,NA,"SAC"
"653","WR16.80024",2013,760,NA,NA,NA,NA,"SAC"
"654","WR16.80025",2013,660,NA,NA,NA,NA,"SAC"
"655","WR16.80032",2013,730,NA,NA,NA,NA,"SAC"
"656","WR16.80036",2013,670,NA,NA,NA,NA,"SAC"
"657","WR16.80040",2013,800,NA,NA,NA,NA,"SAC"
"658","WR16.80048",2013,760,NA,NA,NA,NA,"SAC"
"659","WR16.80049",2013,730,NA,NA,NA,NA,"SAC"
"660","WR16.80050",2013,750,NA,NA,NA,NA,"SAC"
"661","WR16.80051",2013,740,NA,NA,NA,NA,"SAC"
"662","WR16.80053",2013,810,NA,NA,NA,NA,"SAC"
"663","WR16.80054",2013,710,NA,NA,NA,NA,"SAC"
"664","WR16.80055",2013,630,NA,NA,NA,NA,"SAC"
"665","WR16.80056",2013,640,NA,NA,NA,NA,"SAC"
"666","WR16.80058",2013,720,NA,NA,NA,NA,"SAC"
"667","WR16.80059",2013,790,NA,NA,NA,NA,"SAC"
"668","WR16.80060",2013,640,NA,NA,NA,NA,"SAC"
"669","WR16.80061",2013,700,NA,NA,NA,149.451,"DEL"
"670","WR16.80062",2013,750,NA,NA,NA,NA,"SAC"
"671","WR16.80063",2013,680,NA,NA,NA,NA,"SAC"
"672","WR16.80095",2013,700,NA,NA,NA,NA,"SAC"
"673","WR16.80104",2013,640,NA,NA,NA,NA,"SAC"
"674","WR16.80123",2013,740,NA,NA,NA,NA,"SAC"
"675","WR16.80157",2013,680,NA,NA,NA,NA,"SAC"
"676","WR16.80220",2013,810,NA,NA,NA,NA,"SAC"
"677","WR16.80458",2013,770,NA,NA,NA,NA,"SAC"
"678","WR16.80500",2014,490,NA,190.755,NA,NA,"AME"
"679","WR17.5001",2013,900,NA,56.1310000000001,NA,NA,"AME"
"680","WR17.5006",2014,820,NA,NA,NA,NA,"SAC"
"681","WR17.5009",2013,975,110.983,NA,NA,NA,"LAS"
"682","WR17.5016",2013,718,NA,NA,NA,NA,"SAC"
"683","WR17.5028",2014,825,NA,NA,NA,120.038,"DEL"
"684","WR17.5034",2014,715,NA,NA,NA,179.464,"DEL"
"685","WR17.5048",2013,748,NA,NA,NA,NA,"SAC"
"686","WR17.5054",2014,680,NA,238.77,NA,NA,"AME"
"687","WR17.5061",2014,712,NA,NA,NA,NA,"SAC"
"688","WR17.7001",2014,740,NA,NA,NA,NA,"SAC"
"689","WR17.7002",2013,770,NA,NA,NA,NA,"SAC"
"690","WR17.7003",2013,930,NA,NA,NA,NA,"SAC"
"691","WR17.7005",2013,1020,NA,NA,NA,NA,"SAC"
"692","WR17.7011",2014,700,NA,204.233,NA,NA,"AME"
"693","WR17.7012",2015,670,NA,NA,NA,NA,"SAC"
"694","WR17.7021",2014,758,NA,226.212,NA,NA,"AME"
"695","WR17.7027",2014,710,NA,NA,NA,NA,"SAC"
"696","WR17.7051",2015,560,NA,160.952,NA,NA,"AME"
"697","WR17.80036",2014,830,NA,NA,NA,NA,"SAC"
"698","WR17.80054",2013,870,NA,NA,NA,NA,"SAC"
"699","WR17.80068",2013,960,NA,NA,NA,NA,"SAC"
"700","WR17.80170",2014,790,NA,61.9540000000001,NA,NA,"AME"
"701","WR17.80181",2014,880,NA,279.976,NA,NA,"AME"
"702","WR17.80235",2013,950,NA,NA,NA,NA,"SAC"
"703","WR17.80279",2015,550,NA,NA,NA,NA,"SAC"
"704","WR17.80393",2014,700,NA,NA,NA,NA,"SAC"
"705","WR17.80408",2015,540,NA,NA,NA,NA,"SAC"
